ED,Reported As,Reporting,Michael A. Walrond Jr.,Adriano Espaillat,Charles B. Rangel,Scattered,Yolanda Garcia,Total Votes,p_Michael A. Walrond Jr.,p_Adriano Espaillat,p_Charles B. Rangel,p_Scattered,p_Yolanda Garcia,winner,winner_p
68016,68016,100,4,12,39,0,0,55,0.07272727272727272,0.21818181818181817,0.7090909090909091,0.0,0.0,Charles B. Rangel,0.7090909090909091
68017,68017,100,4,6,54,0,2,66,0.06060606060606061,0.09090909090909091,0.8181818181818182,0.0,0.030303030303030304,Charles B. Rangel,0.8181818181818182
68018,68018,100,10,18,60,0,0,88,0.11363636363636363,0.20454545454545456,0.6818181818181818,0.0,0.0,Charles B. Rangel,0.6818181818181818
68019,68019,100,6,23,41,0,0,70,0.08571428571428572,0.32857142857142857,0.5857142857142857,0.0,0.0,Charles B. Rangel,0.5857142857142857
68020,68020,100,2,8,7,0,0,17,0.11764705882352941,0.47058823529411764,0.4117647058823529,0.0,0.0,Adriano Espaillat,0.47058823529411764
68021,68021,100,1,20,43,0,0,64,0.015625,0.3125,0.671875,0.0,0.0,Charles B. Rangel,0.671875
68022,68022,100,4,23,23,0,2,52,0.07692307692307693,0.4423076923076923,0.4423076923076923,0.0,0.038461538461538464,Tie,0.4423076923076923
68023,68023,100,6,36,48,1,2,93,0.06451612903225806,0.3870967741935484,0.5161290322580645,0.010752688172043012,0.021505376344086023,Charles B. Rangel,0.5161290322580645
68024,68024,100,3,14,27,0,0,44,0.06818181818181818,0.3181818181818182,0.6136363636363636,0.0,0.0,Charles B. Rangel,0.6136363636363636
68025,68025,100,4,17,37,0,0,58,0.06896551724137931,0.29310344827586204,0.6379310344827587,0.0,0.0,Charles B. Rangel,0.6379310344827587
68026,68026,100,4,24,51,1,0,80,0.05,0.3,0.6375,0.0125,0.0,Charles B. Rangel,0.6375
68027,68027,100,5,36,29,0,1,71,0.07042253521126761,0.5070422535211268,0.4084507042253521,0.0,0.014084507042253521,Adriano Espaillat,0.5070422535211268
68028,68028,100,6,21,29,0,4,60,0.1,0.35,0.48333333333333334,0.0,0.06666666666666667,Charles B. Rangel,0.48333333333333334
68029,68029,100,1,13,17,0,0,31,0.03225806451612903,0.41935483870967744,0.5483870967741935,0.0,0.0,Charles B. Rangel,0.5483870967741935
68030,68030,100,7,9,32,0,1,49,0.14285714285714285,0.1836734693877551,0.6530612244897959,0.0,0.02040816326530612,Charles B. Rangel,0.6530612244897959
68031,68031,100,13,14,113,1,1,142,0.09154929577464789,0.09859154929577464,0.795774647887324,0.007042253521126761,0.007042253521126761,Charles B. Rangel,0.795774647887324
68032,68032,100,3,11,40,0,0,54,0.05555555555555555,0.2037037037037037,0.7407407407407407,0.0,0.0,Charles B. Rangel,0.7407407407407407
68033,68033,100,11,34,80,1,2,128,0.0859375,0.265625,0.625,0.0078125,0.015625,Charles B. Rangel,0.625
68034,68034,100,19,10,72,0,0,101,0.18811881188118812,0.09900990099009901,0.7128712871287128,0.0,0.0,Charles B. Rangel,0.7128712871287128
68035,68035,100,6,22,46,1,0,75,0.08,0.29333333333333333,0.6133333333333333,0.013333333333333334,0.0,Charles B. Rangel,0.6133333333333333
68036,68036,100,10,37,76,0,0,123,0.08130081300813008,0.3008130081300813,0.6178861788617886,0.0,0.0,Charles B. Rangel,0.6178861788617886
68037,68037,100,5,44,61,1,2,113,0.04424778761061947,0.3893805309734513,0.5398230088495575,0.008849557522123894,0.017699115044247787,Charles B. Rangel,0.5398230088495575
68038,68038,100,2,11,16,0,1,30,0.06666666666666667,0.36666666666666664,0.5333333333333333,0.0,0.03333333333333333,Charles B. Rangel,0.5333333333333333
68039,68039,100,4,26,34,0,1,65,0.06153846153846154,0.4,0.5230769230769231,0.0,0.015384615384615385,Charles B. Rangel,0.5230769230769231
68040,68040,100,8,30,75,1,1,115,0.06956521739130435,0.2608695652173913,0.6521739130434783,0.008695652173913044,0.008695652173913044,Charles B. Rangel,0.6521739130434783
68041,68041,100,13,31,88,1,2,135,0.0962962962962963,0.22962962962962963,0.6518518518518519,0.007407407407407408,0.014814814814814815,Charles B. Rangel,0.6518518518518519
68042,68042,100,13,22,72,0,3,110,0.11818181818181818,0.2,0.6545454545454545,0.0,0.02727272727272727,Charles B. Rangel,0.6545454545454545
68043,68043,100,11,16,46,0,3,76,0.14473684210526316,0.21052631578947367,0.6052631578947368,0.0,0.039473684210526314,Charles B. Rangel,0.6052631578947368
68044,68044,100,2,18,44,0,2,66,0.030303030303030304,0.2727272727272727,0.6666666666666666,0.0,0.030303030303030304,Charles B. Rangel,0.6666666666666666
68045,68045,100,1,22,24,0,0,47,0.02127659574468085,0.46808510638297873,0.5106382978723404,0.0,0.0,Charles B. Rangel,0.5106382978723404
68046,68046,100,4,29,33,0,2,68,0.058823529411764705,0.4264705882352941,0.4852941176470588,0.0,0.029411764705882353,Charles B. Rangel,0.4852941176470588
68047,68047,100,1,19,44,0,0,64,0.015625,0.296875,0.6875,0.0,0.0,Charles B. Rangel,0.6875
68048,68048,100,7,24,41,0,1,73,0.0958904109589041,0.3287671232876712,0.5616438356164384,0.0,0.0136986301369863,Charles B. Rangel,0.5616438356164384
68049,68049,100,2,19,60,0,0,81,0.024691358024691357,0.2345679012345679,0.7407407407407407,0.0,0.0,Charles B. Rangel,0.7407407407407407
68050,68050,100,11,19,103,0,4,137,0.08029197080291971,0.1386861313868613,0.7518248175182481,0.0,0.029197080291970802,Charles B. Rangel,0.7518248175182481
68051,68051,100,14,18,94,0,0,126,0.1111111111111111,0.14285714285714285,0.746031746031746,0.0,0.0,Charles B. Rangel,0.746031746031746
68052,68052,100,8,15,113,0,0,136,0.058823529411764705,0.11029411764705882,0.8308823529411765,0.0,0.0,Charles B. Rangel,0.8308823529411765
68053,68053,100,9,9,62,1,3,84,0.10714285714285714,0.10714285714285714,0.7380952380952381,0.011904761904761904,0.03571428571428571,Charles B. Rangel,0.7380952380952381
68054,68054,100,5,34,31,1,4,75,0.06666666666666667,0.4533333333333333,0.41333333333333333,0.013333333333333334,0.05333333333333334,Adriano Espaillat,0.4533333333333333
68055,68055,100,3,39,35,1,1,79,0.0379746835443038,0.4936708860759494,0.4430379746835443,0.012658227848101266,0.012658227848101266,Adriano Espaillat,0.4936708860759494
68056,68056,100,9,19,29,0,2,59,0.15254237288135594,0.3220338983050847,0.4915254237288136,0.0,0.03389830508474576,Charles B. Rangel,0.4915254237288136
68057,68057,100,18,24,97,1,1,141,0.1276595744680851,0.1702127659574468,0.6879432624113475,0.0070921985815602835,0.0070921985815602835,Charles B. Rangel,0.6879432624113475
68058,68058,100,13,15,45,0,1,74,0.17567567567567569,0.20270270270270271,0.6081081081081081,0.0,0.013513513513513514,Charles B. Rangel,0.6081081081081081
68059,68059,100,28,23,83,1,1,136,0.20588235294117646,0.16911764705882354,0.6102941176470589,0.007352941176470588,0.007352941176470588,Charles B. Rangel,0.6102941176470589
68060,68060,100,26,21,69,1,0,117,0.2222222222222222,0.1794871794871795,0.5897435897435898,0.008547008547008548,0.0,Charles B. Rangel,0.5897435897435898
68061,68061,100,13,17,79,0,1,110,0.11818181818181818,0.15454545454545454,0.7181818181818181,0.0,0.00909090909090909,Charles B. Rangel,0.7181818181818181
68062,68062,100,6,27,41,2,0,76,0.07894736842105263,0.35526315789473684,0.5394736842105263,0.02631578947368421,0.0,Charles B. Rangel,0.5394736842105263
68063,68063,100,11,27,70,0,1,109,0.10091743119266056,0.24770642201834864,0.6422018348623854,0.0,0.009174311926605505,Charles B. Rangel,0.6422018348623854
68064,68064,100,4,19,40,0,1,64,0.0625,0.296875,0.625,0.0,0.015625,Charles B. Rangel,0.625
68065,68065,100,3,25,37,2,0,67,0.04477611940298507,0.373134328358209,0.5522388059701493,0.029850746268656716,0.0,Charles B. Rangel,0.5522388059701493
68066,68066,100,6,31,73,1,1,112,0.05357142857142857,0.2767857142857143,0.6517857142857143,0.008928571428571428,0.008928571428571428,Charles B. Rangel,0.6517857142857143
68067,68067,100,5,17,28,0,1,51,0.09803921568627451,0.3333333333333333,0.5490196078431373,0.0,0.0196078431372549,Charles B. Rangel,0.5490196078431373
68068,68068,100,7,12,42,0,1,62,0.11290322580645161,0.1935483870967742,0.6774193548387096,0.0,0.016129032258064516,Charles B. Rangel,0.6774193548387096
68069,68069,100,10,30,54,1,3,98,0.10204081632653061,0.30612244897959184,0.5510204081632653,0.01020408163265306,0.030612244897959183,Charles B. Rangel,0.5510204081632653
68070,68070,100,4,16,35,0,0,55,0.07272727272727272,0.2909090909090909,0.6363636363636364,0.0,0.0,Charles B. Rangel,0.6363636363636364
68071,68071,100,6,27,31,0,1,65,0.09230769230769231,0.4153846153846154,0.47692307692307695,0.0,0.015384615384615385,Charles B. Rangel,0.47692307692307695
68072,68072,100,1,14,25,0,0,40,0.025,0.35,0.625,0.0,0.0,Charles B. Rangel,0.625
68073,68073,100,3,17,45,2,0,67,0.04477611940298507,0.2537313432835821,0.6716417910447762,0.029850746268656716,0.0,Charles B. Rangel,0.6716417910447762
68074,68074,100,11,24,39,0,1,75,0.14666666666666667,0.32,0.52,0.0,0.013333333333333334,Charles B. Rangel,0.52
68075,68075,100,5,39,48,0,4,96,0.052083333333333336,0.40625,0.5,0.0,0.041666666666666664,Charles B. Rangel,0.5
68076,68076,100,6,32,39,0,0,77,0.07792207792207792,0.4155844155844156,0.5064935064935064,0.0,0.0,Charles B. Rangel,0.5064935064935064
68077,68077,100,2,12,29,0,0,43,0.046511627906976744,0.27906976744186046,0.6744186046511628,0.0,0.0,Charles B. Rangel,0.6744186046511628
68078,68078,100,9,31,57,0,1,98,0.09183673469387756,0.3163265306122449,0.5816326530612245,0.0,0.01020408163265306,Charles B. Rangel,0.5816326530612245
68079,68079,100,6,25,27,1,4,63,0.09523809523809523,0.3968253968253968,0.42857142857142855,0.015873015873015872,0.06349206349206349,Charles B. Rangel,0.42857142857142855
68080,68080,100,25,40,71,1,2,139,0.17985611510791366,0.28776978417266186,0.5107913669064749,0.007194244604316547,0.014388489208633094,Charles B. Rangel,0.5107913669064749
68081,68081,100,7,8,13,0,0,28,0.25,0.2857142857142857,0.4642857142857143,0.0,0.0,Charles B. Rangel,0.4642857142857143
68082,68082,100,16,15,116,0,2,149,0.10738255033557047,0.10067114093959731,0.7785234899328859,0.0,0.013422818791946308,Charles B. Rangel,0.7785234899328859
68083,68083,100,16,21,81,0,0,118,0.13559322033898305,0.17796610169491525,0.6864406779661016,0.0,0.0,Charles B. Rangel,0.6864406779661016
68084,68084,100,8,22,72,0,2,104,0.07692307692307693,0.21153846153846154,0.6923076923076923,0.0,0.019230769230769232,Charles B. Rangel,0.6923076923076923
68085,68085,100,23,25,89,1,1,139,0.16546762589928057,0.17985611510791366,0.6402877697841727,0.007194244604316547,0.007194244604316547,Charles B. Rangel,0.6402877697841727
68086,68086,100,0,3,23,0,2,28,0.0,0.10714285714285714,0.8214285714285714,0.0,0.07142857142857142,Charles B. Rangel,0.8214285714285714
68087,68087,100,17,47,78,0,1,143,0.11888111888111888,0.32867132867132864,0.5454545454545454,0.0,0.006993006993006993,Charles B. Rangel,0.5454545454545454
68088,68088,100,5,9,85,0,0,99,0.050505050505050504,0.09090909090909091,0.8585858585858586,0.0,0.0,Charles B. Rangel,0.8585858585858586
68089,68089,100,8,22,144,0,1,175,0.045714285714285714,0.12571428571428572,0.8228571428571428,0.0,0.005714285714285714,Charles B. Rangel,0.8228571428571428
68090,68090,100,4,15,56,0,0,75,0.05333333333333334,0.2,0.7466666666666667,0.0,0.0,Charles B. Rangel,0.7466666666666667
68091,68091,100,9,12,33,0,1,55,0.16363636363636364,0.21818181818181817,0.6,0.0,0.01818181818181818,Charles B. Rangel,0.6
68092,68092,100,4,18,40,0,0,62,0.06451612903225806,0.2903225806451613,0.6451612903225806,0.0,0.0,Charles B. Rangel,0.6451612903225806
68093,68093,100,14,18,89,1,1,123,0.11382113821138211,0.14634146341463414,0.7235772357723578,0.008130081300813009,0.008130081300813009,Charles B. Rangel,0.7235772357723578
68095,68077,100,0,0,0,0,0,0,0,0,0,0,0,n/a,0
68096,68096,100,0,0,0,0,0,0,0,0,0,0,0,n/a,0
68097,68097,100,2,6,21,0,3,32,0.0625,0.1875,0.65625,0.0,0.09375,Charles B. Rangel,0.65625
68098,68098,100,6,19,33,1,8,67,0.08955223880597014,0.2835820895522388,0.4925373134328358,0.014925373134328358,0.11940298507462686,Charles B. Rangel,0.4925373134328358
68099,68099,100,7,26,39,0,2,74,0.0945945945945946,0.35135135135135137,0.527027027027027,0.0,0.02702702702702703,Charles B. Rangel,0.527027027027027
68100,68100,100,6,31,84,1,2,124,0.04838709677419355,0.25,0.6774193548387096,0.008064516129032258,0.016129032258064516,Charles B. Rangel,0.6774193548387096
68101,68101,100,4,10,57,0,0,71,0.056338028169014086,0.14084507042253522,0.8028169014084507,0.0,0.0,Charles B. Rangel,0.8028169014084507
68200,68200,100,0,0,0,0,0,0,0,0,0,0,0,n/a,0
68202,68035,100,0,0,0,0,0,0,0,0,0,0,0,n/a,0
68203,68203,100,0,0,0,0,0,0,0,0,0,0,0,n/a,0
68204,68035,100,0,0,0,0,0,0,0,0,0,0,0,n/a,0
68206,68077,100,0,0,0,0,0,0,0,0,0,0,0,n/a,0
68207,68203,100,0,0,0,0,0,0,0,0,0,0,0,n/a,0
69053,69053,100,10,31,62,0,0,103,0.0970873786407767,0.30097087378640774,0.6019417475728155,0.0,0.0,Charles B. Rangel,0.6019417475728155
69054,69054,100,4,32,65,1,2,104,0.038461538461538464,0.3076923076923077,0.625,0.009615384615384616,0.019230769230769232,Charles B. Rangel,0.625
69055,69055,100,2,54,90,2,2,150,0.013333333333333334,0.36,0.6,0.013333333333333334,0.013333333333333334,Charles B. Rangel,0.6
69056,69056,100,4,24,41,0,0,69,0.057971014492753624,0.34782608695652173,0.5942028985507246,0.0,0.0,Charles B. Rangel,0.5942028985507246
69057,69057,100,2,56,86,0,2,146,0.0136986301369863,0.3835616438356164,0.589041095890411,0.0,0.0136986301369863,Charles B. Rangel,0.589041095890411
69067,69067,100,6,26,21,0,0,53,0.11320754716981132,0.49056603773584906,0.39622641509433965,0.0,0.0,Adriano Espaillat,0.49056603773584906
69068,69068,100,7,41,56,0,2,106,0.0660377358490566,0.3867924528301887,0.5283018867924528,0.0,0.018867924528301886,Charles B. Rangel,0.5283018867924528
69069,69069,100,6,53,81,1,2,143,0.04195804195804196,0.3706293706293706,0.5664335664335665,0.006993006993006993,0.013986013986013986,Charles B. Rangel,0.5664335664335665
69070,69070,100,2,13,23,0,2,40,0.05,0.325,0.575,0.0,0.05,Charles B. Rangel,0.575
69074,69074,100,6,44,46,0,1,97,0.061855670103092786,0.4536082474226804,0.4742268041237113,0.0,0.010309278350515464,Charles B. Rangel,0.4742268041237113
69075,69075,100,2,34,41,0,0,77,0.025974025974025976,0.44155844155844154,0.5324675324675324,0.0,0.0,Charles B. Rangel,0.5324675324675324
69076,69076,100,1,51,15,0,0,67,0.014925373134328358,0.7611940298507462,0.22388059701492538,0.0,0.0,Adriano Espaillat,0.7611940298507462
69080,69080,100,9,66,57,0,1,133,0.06766917293233082,0.49624060150375937,0.42857142857142855,0.0,0.007518796992481203,Adriano Espaillat,0.49624060150375937
69081,69081,100,6,49,79,0,3,137,0.043795620437956206,0.35766423357664234,0.5766423357664233,0.0,0.021897810218978103,Charles B. Rangel,0.5766423357664233
69082,69082,100,10,15,57,0,0,82,0.12195121951219512,0.18292682926829268,0.6951219512195121,0.0,0.0,Charles B. Rangel,0.6951219512195121
69083,69083,100,17,59,136,0,0,212,0.08018867924528301,0.2783018867924528,0.6415094339622641,0.0,0.0,Charles B. Rangel,0.6415094339622641
69098,69098,100,8,30,50,0,2,90,0.08888888888888889,0.3333333333333333,0.5555555555555556,0.0,0.022222222222222223,Charles B. Rangel,0.5555555555555556
69099,69099,100,9,94,143,2,6,254,0.03543307086614173,0.3700787401574803,0.562992125984252,0.007874015748031496,0.023622047244094488,Charles B. Rangel,0.562992125984252
69100,69100,100,15,50,110,2,5,182,0.08241758241758242,0.27472527472527475,0.6043956043956044,0.01098901098901099,0.027472527472527472,Charles B. Rangel,0.6043956043956044
69101,69101,100,13,55,115,0,2,185,0.07027027027027027,0.2972972972972973,0.6216216216216216,0.0,0.010810810810810811,Charles B. Rangel,0.6216216216216216
69102,69102,100,17,39,78,0,1,135,0.1259259259259259,0.28888888888888886,0.5777777777777777,0.0,0.007407407407407408,Charles B. Rangel,0.5777777777777777
69103,69103,100,14,53,114,0,1,182,0.07692307692307693,0.29120879120879123,0.6263736263736264,0.0,0.005494505494505495,Charles B. Rangel,0.6263736263736264
69200,69082,100,0,0,0,0,0,0,0,0,0,0,0,n/a,0
70001,70001,100,30,27,83,1,1,142,0.2112676056338028,0.19014084507042253,0.5845070422535211,0.007042253521126761,0.007042253521126761,Charles B. Rangel,0.5845070422535211
70002,70002,100,15,9,44,0,2,70,0.21428571428571427,0.12857142857142856,0.6285714285714286,0.0,0.02857142857142857,Charles B. Rangel,0.6285714285714286
70003,70003,100,35,18,90,1,4,148,0.23648648648648649,0.12162162162162163,0.6081081081081081,0.006756756756756757,0.02702702702702703,Charles B. Rangel,0.6081081081081081
70004,70004,100,52,12,74,2,0,140,0.37142857142857144,0.08571428571428572,0.5285714285714286,0.014285714285714285,0.0,Charles B. Rangel,0.5285714285714286
70005,70005,100,27,34,106,0,1,168,0.16071428571428573,0.20238095238095238,0.6309523809523809,0.0,0.005952380952380952,Charles B. Rangel,0.6309523809523809
70006,70006,100,29,19,39,0,0,87,0.3333333333333333,0.21839080459770116,0.4482758620689655,0.0,0.0,Charles B. Rangel,0.4482758620689655
70007,70007,100,59,25,53,0,0,137,0.4306569343065693,0.18248175182481752,0.38686131386861317,0.0,0.0,Michael A. Walrond Jr.,0.4306569343065693
70008,70008,100,53,19,80,0,1,153,0.3464052287581699,0.12418300653594772,0.5228758169934641,0.0,0.006535947712418301,Charles B. Rangel,0.5228758169934641
70009,70009,100,41,34,112,1,3,191,0.21465968586387435,0.17801047120418848,0.5863874345549738,0.005235602094240838,0.015706806282722512,Charles B. Rangel,0.5863874345549738
70010,70010,100,52,16,122,0,2,192,0.2708333333333333,0.08333333333333333,0.6354166666666666,0.0,0.010416666666666666,Charles B. Rangel,0.6354166666666666
70011,70011,100,48,19,78,0,1,146,0.3287671232876712,0.13013698630136986,0.5342465753424658,0.0,0.00684931506849315,Charles B. Rangel,0.5342465753424658
70012,70012,100,26,18,45,0,0,89,0.29213483146067415,0.20224719101123595,0.5056179775280899,0.0,0.0,Charles B. Rangel,0.5056179775280899
70013,70013,100,19,9,50,0,2,80,0.2375,0.1125,0.625,0.0,0.025,Charles B. Rangel,0.625
70014,70014,100,24,36,46,0,1,107,0.22429906542056074,0.3364485981308411,0.42990654205607476,0.0,0.009345794392523364,Charles B. Rangel,0.42990654205607476
70015,70015,100,29,23,67,0,0,119,0.24369747899159663,0.19327731092436976,0.5630252100840336,0.0,0.0,Charles B. Rangel,0.5630252100840336
70016,70016,100,44,24,88,2,0,158,0.27848101265822783,0.1518987341772152,0.5569620253164557,0.012658227848101266,0.0,Charles B. Rangel,0.5569620253164557
70017,70017,100,39,19,68,2,1,129,0.3023255813953488,0.14728682170542637,0.5271317829457365,0.015503875968992248,0.007751937984496124,Charles B. Rangel,0.5271317829457365
70018,70018,100,30,9,35,0,0,74,0.40540540540540543,0.12162162162162163,0.47297297297297297,0.0,0.0,Charles B. Rangel,0.47297297297297297
70019,70019,100,41,28,103,1,2,175,0.2342857142857143,0.16,0.5885714285714285,0.005714285714285714,0.011428571428571429,Charles B. Rangel,0.5885714285714285
70020,70020,100,25,21,105,2,1,154,0.16233766233766234,0.13636363636363635,0.6818181818181818,0.012987012987012988,0.006493506493506494,Charles B. Rangel,0.6818181818181818
70021,70021,100,27,11,84,2,8,132,0.20454545454545456,0.08333333333333333,0.6363636363636364,0.015151515151515152,0.06060606060606061,Charles B. Rangel,0.6363636363636364
70022,70022,100,29,23,73,1,0,126,0.23015873015873015,0.18253968253968253,0.5793650793650794,0.007936507936507936,0.0,Charles B. Rangel,0.5793650793650794
70023,70023,100,18,12,90,0,2,122,0.14754098360655737,0.09836065573770492,0.7377049180327869,0.0,0.01639344262295082,Charles B. Rangel,0.7377049180327869
70024,70024,100,23,20,106,0,0,149,0.15436241610738255,0.1342281879194631,0.7114093959731543,0.0,0.0,Charles B. Rangel,0.7114093959731543
70025,70025,100,23,25,86,0,0,134,0.17164179104477612,0.1865671641791045,0.6417910447761194,0.0,0.0,Charles B. Rangel,0.6417910447761194
70026,70026,100,25,23,132,0,2,182,0.13736263736263737,0.12637362637362637,0.7252747252747253,0.0,0.01098901098901099,Charles B. Rangel,0.7252747252747253
70027,70027,100,18,14,82,2,3,119,0.15126050420168066,0.11764705882352941,0.6890756302521008,0.01680672268907563,0.025210084033613446,Charles B. Rangel,0.6890756302521008
70028,70028,100,21,21,74,1,0,117,0.1794871794871795,0.1794871794871795,0.6324786324786325,0.008547008547008548,0.0,Charles B. Rangel,0.6324786324786325
70029,70029,100,37,17,84,0,2,140,0.2642857142857143,0.12142857142857143,0.6,0.0,0.014285714285714285,Charles B. Rangel,0.6
70030,70030,100,23,30,82,1,1,137,0.1678832116788321,0.21897810218978103,0.5985401459854015,0.0072992700729927005,0.0072992700729927005,Charles B. Rangel,0.5985401459854015
70031,70031,100,13,13,82,0,0,108,0.12037037037037036,0.12037037037037036,0.7592592592592593,0.0,0.0,Charles B. Rangel,0.7592592592592593
70032,70032,100,11,10,47,0,0,68,0.16176470588235295,0.14705882352941177,0.6911764705882353,0.0,0.0,Charles B. Rangel,0.6911764705882353
70033,70033,100,9,5,59,0,0,73,0.1232876712328767,0.0684931506849315,0.8082191780821918,0.0,0.0,Charles B. Rangel,0.8082191780821918
70034,70034,100,20,10,103,0,0,133,0.15037593984962405,0.07518796992481203,0.7744360902255639,0.0,0.0,Charles B. Rangel,0.7744360902255639
70035,70035,100,21,17,89,0,1,128,0.1640625,0.1328125,0.6953125,0.0,0.0078125,Charles B. Rangel,0.6953125
70036,70036,100,18,13,113,1,2,147,0.12244897959183673,0.08843537414965986,0.7687074829931972,0.006802721088435374,0.013605442176870748,Charles B. Rangel,0.7687074829931972
70037,70037,100,16,27,93,0,0,136,0.11764705882352941,0.19852941176470587,0.6838235294117647,0.0,0.0,Charles B. Rangel,0.6838235294117647
70038,70038,100,5,16,73,0,0,94,0.05319148936170213,0.1702127659574468,0.776595744680851,0.0,0.0,Charles B. Rangel,0.776595744680851
70039,70039,100,14,9,79,2,3,107,0.1308411214953271,0.08411214953271028,0.7383177570093458,0.018691588785046728,0.028037383177570093,Charles B. Rangel,0.7383177570093458
70040,70040,100,44,16,210,1,0,271,0.16236162361623616,0.05904059040590406,0.7749077490774908,0.0036900369003690036,0.0,Charles B. Rangel,0.7749077490774908
70041,70041,100,45,14,202,1,0,262,0.1717557251908397,0.05343511450381679,0.7709923664122137,0.003816793893129771,0.0,Charles B. Rangel,0.7709923664122137
70042,70042,100,35,13,113,0,1,162,0.21604938271604937,0.08024691358024691,0.6975308641975309,0.0,0.006172839506172839,Charles B. Rangel,0.6975308641975309
70043,70043,100,26,21,115,0,0,162,0.16049382716049382,0.12962962962962962,0.7098765432098766,0.0,0.0,Charles B. Rangel,0.7098765432098766
70044,70044,100,22,14,103,0,1,140,0.15714285714285714,0.1,0.7357142857142858,0.0,0.007142857142857143,Charles B. Rangel,0.7357142857142858
70045,70045,100,21,7,97,0,2,127,0.16535433070866143,0.05511811023622047,0.7637795275590551,0.0,0.015748031496062992,Charles B. Rangel,0.7637795275590551
70046,70046,100,38,16,218,0,0,272,0.13970588235294118,0.058823529411764705,0.8014705882352942,0.0,0.0,Charles B. Rangel,0.8014705882352942
70047,70047,100,16,13,122,0,0,151,0.10596026490066225,0.08609271523178808,0.8079470198675497,0.0,0.0,Charles B. Rangel,0.8079470198675497
70048,70048,100,25,21,125,1,0,172,0.14534883720930233,0.12209302325581395,0.7267441860465116,0.005813953488372093,0.0,Charles B. Rangel,0.7267441860465116
70049,70049,100,24,22,75,1,0,122,0.19672131147540983,0.18032786885245902,0.6147540983606558,0.00819672131147541,0.0,Charles B. Rangel,0.6147540983606558
70050,70050,100,24,13,129,2,0,168,0.14285714285714285,0.07738095238095238,0.7678571428571429,0.011904761904761904,0.0,Charles B. Rangel,0.7678571428571429
70051,70051,100,9,8,46,0,2,65,0.13846153846153847,0.12307692307692308,0.7076923076923077,0.0,0.03076923076923077,Charles B. Rangel,0.7076923076923077
70052,70052,100,24,10,80,3,0,117,0.20512820512820512,0.08547008547008547,0.6837606837606838,0.02564102564102564,0.0,Charles B. Rangel,0.6837606837606838
70053,70053,100,41,24,152,0,2,219,0.1872146118721461,0.1095890410958904,0.6940639269406392,0.0,0.0091324200913242,Charles B. Rangel,0.6940639269406392
70054,70054,100,66,10,230,1,0,307,0.21498371335504887,0.03257328990228013,0.749185667752443,0.003257328990228013,0.0,Charles B. Rangel,0.749185667752443
70055,70055,100,25,6,68,1,0,100,0.25,0.06,0.68,0.01,0.0,Charles B. Rangel,0.68
70056,70056,100,33,13,133,3,1,183,0.18032786885245902,0.07103825136612021,0.726775956284153,0.01639344262295082,0.00546448087431694,Charles B. Rangel,0.726775956284153
70057,70057,100,16,10,57,0,0,83,0.1927710843373494,0.12048192771084337,0.6867469879518072,0.0,0.0,Charles B. Rangel,0.6867469879518072
70058,70058,100,24,14,96,0,4,138,0.17391304347826086,0.10144927536231885,0.6956521739130435,0.0,0.028985507246376812,Charles B. Rangel,0.6956521739130435
70059,70059,100,17,8,56,0,0,81,0.20987654320987653,0.09876543209876543,0.691358024691358,0.0,0.0,Charles B. Rangel,0.691358024691358
70060,70060,100,29,18,64,0,1,112,0.25892857142857145,0.16071428571428573,0.5714285714285714,0.0,0.008928571428571428,Charles B. Rangel,0.5714285714285714
70061,70061,100,21,26,96,1,0,144,0.14583333333333334,0.18055555555555555,0.6666666666666666,0.006944444444444444,0.0,Charles B. Rangel,0.6666666666666666
70062,70062,100,23,33,91,2,4,153,0.1503267973856209,0.21568627450980393,0.5947712418300654,0.013071895424836602,0.026143790849673203,Charles B. Rangel,0.5947712418300654
70063,70063,100,26,11,59,0,0,96,0.2708333333333333,0.11458333333333333,0.6145833333333334,0.0,0.0,Charles B. Rangel,0.6145833333333334
70090,70090,100,2,3,29,1,0,35,0.05714285714285714,0.08571428571428572,0.8285714285714286,0.02857142857142857,0.0,Charles B. Rangel,0.8285714285714286
70066,70090,100,0,0,0,0,0,0,0,0,0,0,0,n/a,0
70067,70067,100,5,54,47,3,1,110,0.045454545454545456,0.4909090909090909,0.42727272727272725,0.02727272727272727,0.00909090909090909,Adriano Espaillat,0.4909090909090909
70068,70068,100,4,39,33,1,4,81,0.04938271604938271,0.48148148148148145,0.4074074074074074,0.012345679012345678,0.04938271604938271,Adriano Espaillat,0.48148148148148145
70069,70069,100,6,11,17,0,0,34,0.17647058823529413,0.3235294117647059,0.5,0.0,0.0,Charles B. Rangel,0.5
70070,70070,100,1,30,30,1,1,63,0.015873015873015872,0.47619047619047616,0.47619047619047616,0.015873015873015872,0.015873015873015872,Tie,0.47619047619047616
70071,70071,100,10,81,79,1,4,175,0.05714285714285714,0.46285714285714286,0.4514285714285714,0.005714285714285714,0.022857142857142857,Adriano Espaillat,0.46285714285714286
70072,70072,100,10,101,77,1,4,193,0.05181347150259067,0.5233160621761658,0.39896373056994816,0.0051813471502590676,0.02072538860103627,Adriano Espaillat,0.5233160621761658
70073,70073,100,7,17,24,0,1,49,0.14285714285714285,0.3469387755102041,0.4897959183673469,0.0,0.02040816326530612,Charles B. Rangel,0.4897959183673469
70074,70074,100,21,18,90,1,1,131,0.16030534351145037,0.13740458015267176,0.6870229007633588,0.007633587786259542,0.007633587786259542,Charles B. Rangel,0.6870229007633588
70075,70075,100,11,22,93,1,0,127,0.08661417322834646,0.1732283464566929,0.7322834645669292,0.007874015748031496,0.0,Charles B. Rangel,0.7322834645669292
70076,70076,100,3,26,58,0,0,87,0.034482758620689655,0.2988505747126437,0.6666666666666666,0.0,0.0,Charles B. Rangel,0.6666666666666666
70077,70077,100,6,26,27,1,0,60,0.1,0.43333333333333335,0.45,0.016666666666666666,0.0,Charles B. Rangel,0.45
70078,70078,100,1,28,11,0,0,40,0.025,0.7,0.275,0.0,0.0,Adriano Espaillat,0.7
70079,70079,100,1,62,12,0,1,76,0.013157894736842105,0.8157894736842105,0.15789473684210525,0.0,0.013157894736842105,Adriano Espaillat,0.8157894736842105
70080,70080,100,3,81,33,0,0,117,0.02564102564102564,0.6923076923076923,0.28205128205128205,0.0,0.0,Adriano Espaillat,0.6923076923076923
70081,70081,100,3,62,23,0,0,88,0.03409090909090909,0.7045454545454546,0.26136363636363635,0.0,0.0,Adriano Espaillat,0.7045454545454546
70082,70082,100,0,59,19,0,0,78,0.0,0.7564102564102564,0.24358974358974358,0.0,0.0,Adriano Espaillat,0.7564102564102564
70083,70083,100,0,48,10,0,0,58,0.0,0.8275862068965517,0.1724137931034483,0.0,0.0,Adriano Espaillat,0.8275862068965517
70084,70084,100,2,69,21,0,1,93,0.021505376344086023,0.7419354838709677,0.22580645161290322,0.0,0.010752688172043012,Adriano Espaillat,0.7419354838709677
70085,70085,100,18,76,161,1,0,256,0.0703125,0.296875,0.62890625,0.00390625,0.0,Charles B. Rangel,0.62890625
70086,70086,100,2,101,40,1,2,146,0.0136986301369863,0.6917808219178082,0.273972602739726,0.00684931506849315,0.0136986301369863,Adriano Espaillat,0.6917808219178082
70087,70087,100,5,116,43,0,1,165,0.030303030303030304,0.703030303030303,0.2606060606060606,0.0,0.006060606060606061,Adriano Espaillat,0.703030303030303
70088,70088,100,6,23,24,0,2,55,0.10909090909090909,0.41818181818181815,0.43636363636363634,0.0,0.03636363636363636,Charles B. Rangel,0.43636363636363634
70089,70089,100,12,17,57,0,1,87,0.13793103448275862,0.19540229885057472,0.6551724137931034,0.0,0.011494252873563218,Charles B. Rangel,0.6551724137931034
70091,70091,100,19,22,28,0,1,70,0.2714285714285714,0.3142857142857143,0.4,0.0,0.014285714285714285,Charles B. Rangel,0.4
70200,70200,100,0,0,0,0,0,0,0,0,0,0,0,n/a,0
70201,70201,100,0,0,0,0,0,0,0,0,0,0,0,n/a,0
70202,70202,100,0,0,0,0,0,0,0,0,0,0,0,n/a,0
71001,71001,100,5,96,67,1,1,170,0.029411764705882353,0.5647058823529412,0.3941176470588235,0.0058823529411764705,0.0058823529411764705,Adriano Espaillat,0.5647058823529412
71002,71002,100,8,64,37,1,0,110,0.07272727272727272,0.5818181818181818,0.33636363636363636,0.00909090909090909,0.0,Adriano Espaillat,0.5818181818181818
71003,71003,100,5,43,29,2,0,79,0.06329113924050633,0.5443037974683544,0.3670886075949367,0.02531645569620253,0.0,Adriano Espaillat,0.5443037974683544
71004,71004,100,5,21,38,1,0,65,0.07692307692307693,0.3230769230769231,0.5846153846153846,0.015384615384615385,0.0,Charles B. Rangel,0.5846153846153846
71005,71005,100,12,52,56,0,1,121,0.09917355371900827,0.4297520661157025,0.4628099173553719,0.0,0.008264462809917356,Charles B. Rangel,0.4628099173553719
71006,71006,100,3,49,41,1,2,96,0.03125,0.5104166666666666,0.4270833333333333,0.010416666666666666,0.020833333333333332,Adriano Espaillat,0.5104166666666666
71007,71007,100,6,62,43,0,0,111,0.05405405405405406,0.5585585585585585,0.38738738738738737,0.0,0.0,Adriano Espaillat,0.5585585585585585
71008,71008,100,7,13,53,1,0,74,0.0945945945945946,0.17567567567567569,0.7162162162162162,0.013513513513513514,0.0,Charles B. Rangel,0.7162162162162162
71009,71009,100,16,17,108,1,3,145,0.1103448275862069,0.11724137931034483,0.7448275862068966,0.006896551724137931,0.020689655172413793,Charles B. Rangel,0.7448275862068966
71010,71010,100,4,59,44,0,6,113,0.035398230088495575,0.5221238938053098,0.3893805309734513,0.0,0.05309734513274336,Adriano Espaillat,0.5221238938053098
71011,71011,100,23,26,67,0,0,116,0.19827586206896552,0.22413793103448276,0.5775862068965517,0.0,0.0,Charles B. Rangel,0.5775862068965517
71012,71012,100,19,19,68,0,1,107,0.17757009345794392,0.17757009345794392,0.6355140186915887,0.0,0.009345794392523364,Charles B. Rangel,0.6355140186915887
71013,71013,100,6,11,37,1,1,56,0.10714285714285714,0.19642857142857142,0.6607142857142857,0.017857142857142856,0.017857142857142856,Charles B. Rangel,0.6607142857142857
71014,71014,100,26,5,55,0,1,87,0.2988505747126437,0.05747126436781609,0.632183908045977,0.0,0.011494252873563218,Charles B. Rangel,0.632183908045977
71015,71015,100,9,14,46,0,1,70,0.12857142857142856,0.2,0.6571428571428571,0.0,0.014285714285714285,Charles B. Rangel,0.6571428571428571
71016,71016,100,25,28,115,0,2,170,0.14705882352941177,0.16470588235294117,0.6764705882352942,0.0,0.011764705882352941,Charles B. Rangel,0.6764705882352942
71017,71017,100,6,13,48,0,1,68,0.08823529411764706,0.19117647058823528,0.7058823529411765,0.0,0.014705882352941176,Charles B. Rangel,0.7058823529411765
71018,71018,100,62,7,200,1,0,270,0.22962962962962963,0.025925925925925925,0.7407407407407407,0.003703703703703704,0.0,Charles B. Rangel,0.7407407407407407
71019,71019,100,49,15,295,1,1,361,0.13573407202216067,0.04155124653739612,0.817174515235457,0.002770083102493075,0.002770083102493075,Charles B. Rangel,0.817174515235457
71020,71020,100,43,5,274,0,1,323,0.13312693498452013,0.015479876160990712,0.848297213622291,0.0,0.0030959752321981426,Charles B. Rangel,0.848297213622291
71021,71021,100,24,11,121,2,1,159,0.1509433962264151,0.06918238993710692,0.7610062893081762,0.012578616352201259,0.006289308176100629,Charles B. Rangel,0.7610062893081762
71022,71022,100,18,23,74,0,0,115,0.1565217391304348,0.2,0.6434782608695652,0.0,0.0,Charles B. Rangel,0.6434782608695652
71023,71023,100,13,13,106,0,2,134,0.09701492537313433,0.09701492537313433,0.7910447761194029,0.0,0.014925373134328358,Charles B. Rangel,0.7910447761194029
71024,71024,100,15,27,119,1,1,163,0.09202453987730061,0.1656441717791411,0.7300613496932515,0.006134969325153374,0.006134969325153374,Charles B. Rangel,0.7300613496932515
71025,71025,100,10,19,43,1,0,73,0.136986301369863,0.2602739726027397,0.589041095890411,0.0136986301369863,0.0,Charles B. Rangel,0.589041095890411
71026,71026,100,7,44,87,0,2,140,0.05,0.3142857142857143,0.6214285714285714,0.0,0.014285714285714285,Charles B. Rangel,0.6214285714285714
71027,71027,100,7,13,55,0,1,76,0.09210526315789473,0.17105263157894737,0.7236842105263158,0.0,0.013157894736842105,Charles B. Rangel,0.7236842105263158
71028,71028,100,8,18,54,1,0,81,0.09876543209876543,0.2222222222222222,0.6666666666666666,0.012345679012345678,0.0,Charles B. Rangel,0.6666666666666666
71029,71029,100,9,48,37,0,2,96,0.09375,0.5,0.3854166666666667,0.0,0.020833333333333332,Adriano Espaillat,0.5
71030,71030,100,4,40,37,0,0,81,0.04938271604938271,0.49382716049382713,0.4567901234567901,0.0,0.0,Adriano Espaillat,0.49382716049382713
71031,71031,100,9,28,56,0,0,93,0.0967741935483871,0.3010752688172043,0.6021505376344086,0.0,0.0,Charles B. Rangel,0.6021505376344086
71032,71032,100,12,35,66,1,2,116,0.10344827586206896,0.3017241379310345,0.5689655172413793,0.008620689655172414,0.017241379310344827,Charles B. Rangel,0.5689655172413793
71033,71033,100,4,54,78,0,1,137,0.029197080291970802,0.39416058394160586,0.5693430656934306,0.0,0.0072992700729927005,Charles B. Rangel,0.5693430656934306
71034,71034,100,9,59,101,1,0,170,0.052941176470588235,0.34705882352941175,0.5941176470588235,0.0058823529411764705,0.0,Charles B. Rangel,0.5941176470588235
71035,71035,100,7,16,54,0,1,78,0.08974358974358974,0.20512820512820512,0.6923076923076923,0.0,0.01282051282051282,Charles B. Rangel,0.6923076923076923
71036,71036,100,1,57,21,0,0,79,0.012658227848101266,0.7215189873417721,0.26582278481012656,0.0,0.0,Adriano Espaillat,0.7215189873417721
71037,71037,100,8,74,41,0,1,124,0.06451612903225806,0.5967741935483871,0.33064516129032256,0.0,0.008064516129032258,Adriano Espaillat,0.5967741935483871
71038,71038,100,10,64,102,3,2,181,0.055248618784530384,0.35359116022099446,0.56353591160221,0.016574585635359115,0.011049723756906077,Charles B. Rangel,0.56353591160221
71039,71039,100,6,62,56,0,2,126,0.047619047619047616,0.49206349206349204,0.4444444444444444,0.0,0.015873015873015872,Adriano Espaillat,0.49206349206349204
71040,71040,100,4,58,75,1,1,139,0.02877697841726619,0.4172661870503597,0.539568345323741,0.007194244604316547,0.007194244604316547,Charles B. Rangel,0.539568345323741
71041,71041,100,8,103,66,1,2,180,0.044444444444444446,0.5722222222222222,0.36666666666666664,0.005555555555555556,0.011111111111111112,Adriano Espaillat,0.5722222222222222
71042,71042,100,6,64,50,0,0,120,0.05,0.5333333333333333,0.4166666666666667,0.0,0.0,Adriano Espaillat,0.5333333333333333
71043,71043,100,0,125,47,0,1,173,0.0,0.7225433526011561,0.27167630057803466,0.0,0.005780346820809248,Adriano Espaillat,0.7225433526011561
71044,71044,100,7,27,33,0,1,68,0.10294117647058823,0.39705882352941174,0.4852941176470588,0.0,0.014705882352941176,Charles B. Rangel,0.4852941176470588
71045,71045,100,0,58,31,0,2,91,0.0,0.6373626373626373,0.34065934065934067,0.0,0.02197802197802198,Adriano Espaillat,0.6373626373626373
71046,71046,100,4,106,50,0,1,161,0.024844720496894408,0.6583850931677019,0.3105590062111801,0.0,0.006211180124223602,Adriano Espaillat,0.6583850931677019
71047,71047,100,19,52,154,2,1,228,0.08333333333333333,0.22807017543859648,0.6754385964912281,0.008771929824561403,0.0043859649122807015,Charles B. Rangel,0.6754385964912281
71048,71048,100,2,96,28,0,1,127,0.015748031496062992,0.7559055118110236,0.2204724409448819,0.0,0.007874015748031496,Adriano Espaillat,0.7559055118110236
71049,71049,100,2,117,35,0,0,154,0.012987012987012988,0.7597402597402597,0.22727272727272727,0.0,0.0,Adriano Espaillat,0.7597402597402597
71050,71050,100,2,89,34,0,0,125,0.016,0.712,0.272,0.0,0.0,Adriano Espaillat,0.712
71051,71051,100,0,30,9,0,0,39,0.0,0.7692307692307693,0.23076923076923078,0.0,0.0,Adriano Espaillat,0.7692307692307693
71052,71052,100,2,67,26,0,0,95,0.021052631578947368,0.7052631578947368,0.2736842105263158,0.0,0.0,Adriano Espaillat,0.7052631578947368
71053,71053,100,2,65,15,0,0,82,0.024390243902439025,0.7926829268292683,0.18292682926829268,0.0,0.0,Adriano Espaillat,0.7926829268292683
71054,71054,100,5,105,21,0,1,132,0.03787878787878788,0.7954545454545454,0.1590909090909091,0.0,0.007575757575757576,Adriano Espaillat,0.7954545454545454
71055,71055,100,2,54,41,0,0,97,0.020618556701030927,0.5567010309278351,0.422680412371134,0.0,0.0,Adriano Espaillat,0.5567010309278351
71056,71056,100,1,144,23,1,2,171,0.005847953216374269,0.8421052631578947,0.13450292397660818,0.005847953216374269,0.011695906432748537,Adriano Espaillat,0.8421052631578947
71057,71057,100,1,49,22,1,0,73,0.0136986301369863,0.6712328767123288,0.3013698630136986,0.0136986301369863,0.0,Adriano Espaillat,0.6712328767123288
71058,71058,100,5,86,23,0,0,114,0.043859649122807015,0.7543859649122807,0.20175438596491227,0.0,0.0,Adriano Espaillat,0.7543859649122807
71059,71059,100,1,59,24,0,1,85,0.011764705882352941,0.6941176470588235,0.2823529411764706,0.0,0.011764705882352941,Adriano Espaillat,0.6941176470588235
71060,71060,100,3,63,22,0,0,88,0.03409090909090909,0.7159090909090909,0.25,0.0,0.0,Adriano Espaillat,0.7159090909090909
71061,71061,100,0,30,18,1,0,49,0.0,0.6122448979591837,0.3673469387755102,0.02040816326530612,0.0,Adriano Espaillat,0.6122448979591837
71062,71062,100,2,38,27,0,2,69,0.028985507246376812,0.5507246376811594,0.391304347826087,0.0,0.028985507246376812,Adriano Espaillat,0.5507246376811594
71063,71063,100,1,64,36,0,0,101,0.009900990099009901,0.6336633663366337,0.3564356435643564,0.0,0.0,Adriano Espaillat,0.6336633663366337
71064,71064,100,3,85,35,0,4,127,0.023622047244094488,0.6692913385826772,0.2755905511811024,0.0,0.031496062992125984,Adriano Espaillat,0.6692913385826772
71065,71065,100,0,58,31,1,0,90,0.0,0.6444444444444445,0.34444444444444444,0.011111111111111112,0.0,Adriano Espaillat,0.6444444444444445
71066,71066,100,2,99,21,0,0,122,0.01639344262295082,0.8114754098360656,0.1721311475409836,0.0,0.0,Adriano Espaillat,0.8114754098360656
71067,71067,100,3,99,19,0,0,121,0.024793388429752067,0.8181818181818182,0.15702479338842976,0.0,0.0,Adriano Espaillat,0.8181818181818182
71068,71068,100,1,34,16,0,1,52,0.019230769230769232,0.6538461538461539,0.3076923076923077,0.0,0.019230769230769232,Adriano Espaillat,0.6538461538461539
71069,71069,100,1,104,26,0,2,133,0.007518796992481203,0.7819548872180451,0.19548872180451127,0.0,0.015037593984962405,Adriano Espaillat,0.7819548872180451
71070,71070,100,3,107,35,0,1,146,0.02054794520547945,0.7328767123287672,0.23972602739726026,0.0,0.00684931506849315,Adriano Espaillat,0.7328767123287672
71071,71071,100,1,15,5,0,0,21,0.047619047619047616,0.7142857142857143,0.23809523809523808,0.0,0.0,Adriano Espaillat,0.7142857142857143
71072,71072,100,1,102,23,1,1,128,0.0078125,0.796875,0.1796875,0.0078125,0.0078125,Adriano Espaillat,0.796875
71073,71073,100,5,72,38,0,0,115,0.043478260869565216,0.6260869565217392,0.33043478260869563,0.0,0.0,Adriano Espaillat,0.6260869565217392
71074,71074,100,0,76,27,0,3,106,0.0,0.7169811320754716,0.25471698113207547,0.0,0.02830188679245283,Adriano Espaillat,0.7169811320754716
71075,71075,100,0,87,24,0,0,111,0.0,0.7837837837837838,0.21621621621621623,0.0,0.0,Adriano Espaillat,0.7837837837837838
71076,71076,100,3,93,40,1,5,142,0.02112676056338028,0.6549295774647887,0.28169014084507044,0.007042253521126761,0.035211267605633804,Adriano Espaillat,0.6549295774647887
71077,71077,100,5,92,52,0,1,150,0.03333333333333333,0.6133333333333333,0.3466666666666667,0.0,0.006666666666666667,Adriano Espaillat,0.6133333333333333
71078,71078,100,8,132,68,2,2,212,0.03773584905660377,0.6226415094339622,0.32075471698113206,0.009433962264150943,0.009433962264150943,Adriano Espaillat,0.6226415094339622
71079,71079,100,7,92,55,2,2,158,0.04430379746835443,0.5822784810126582,0.34810126582278483,0.012658227848101266,0.012658227848101266,Adriano Espaillat,0.5822784810126582
71080,71080,100,5,46,24,0,0,75,0.06666666666666667,0.6133333333333333,0.32,0.0,0.0,Adriano Espaillat,0.6133333333333333
71081,71081,100,1,84,44,0,1,130,0.007692307692307693,0.6461538461538462,0.3384615384615385,0.0,0.007692307692307693,Adriano Espaillat,0.6461538461538462
71082,71082,100,2,76,28,0,0,106,0.018867924528301886,0.7169811320754716,0.2641509433962264,0.0,0.0,Adriano Espaillat,0.7169811320754716
71083,71083,100,13,139,91,1,2,246,0.052845528455284556,0.5650406504065041,0.3699186991869919,0.0040650406504065045,0.008130081300813009,Adriano Espaillat,0.5650406504065041
71084,71084,100,2,41,37,0,1,81,0.024691358024691357,0.5061728395061729,0.4567901234567901,0.0,0.012345679012345678,Adriano Espaillat,0.5061728395061729
71085,71085,100,5,57,51,0,1,114,0.043859649122807015,0.5,0.4473684210526316,0.0,0.008771929824561403,Adriano Espaillat,0.5
71086,71086,100,0,4,9,0,1,14,0.0,0.2857142857142857,0.6428571428571429,0.0,0.07142857142857142,Charles B. Rangel,0.6428571428571429
71087,71087,100,11,27,88,2,3,131,0.08396946564885496,0.20610687022900764,0.6717557251908397,0.015267175572519083,0.022900763358778626,Charles B. Rangel,0.6717557251908397
71088,71088,100,10,33,97,1,1,142,0.07042253521126761,0.2323943661971831,0.6830985915492958,0.007042253521126761,0.007042253521126761,Charles B. Rangel,0.6830985915492958
71089,71089,100,13,23,56,0,2,94,0.13829787234042554,0.24468085106382978,0.5957446808510638,0.0,0.02127659574468085,Charles B. Rangel,0.5957446808510638
71090,71090,100,20,22,93,1,1,137,0.145985401459854,0.16058394160583941,0.6788321167883211,0.0072992700729927005,0.0072992700729927005,Charles B. Rangel,0.6788321167883211
71091,71091,100,25,15,86,2,0,128,0.1953125,0.1171875,0.671875,0.015625,0.0,Charles B. Rangel,0.671875
71092,71092,100,12,50,79,1,1,143,0.08391608391608392,0.34965034965034963,0.5524475524475524,0.006993006993006993,0.006993006993006993,Charles B. Rangel,0.5524475524475524
71093,71022,100,0,0,0,0,0,0,0,0,0,0,0,n/a,0
71094,71094,100,4,13,39,0,0,56,0.07142857142857142,0.23214285714285715,0.6964285714285714,0.0,0.0,Charles B. Rangel,0.6964285714285714
71095,71095,100,4,22,36,0,0,62,0.06451612903225806,0.3548387096774194,0.5806451612903226,0.0,0.0,Charles B. Rangel,0.5806451612903226
71096,71096,100,8,8,60,0,0,76,0.10526315789473684,0.10526315789473684,0.7894736842105263,0.0,0.0,Charles B. Rangel,0.7894736842105263
71200,71084,100,0,0,0,0,0,0,0,0,0,0,0,n/a,0
71201,71084,100,0,0,0,0,0,0,0,0,0,0,0,n/a,0
72001,72001,100,8,24,43,0,0,75,0.10666666666666667,0.32,0.5733333333333334,0.0,0.0,Charles B. Rangel,0.5733333333333334
72002,72002,100,10,95,70,1,2,178,0.056179775280898875,0.5337078651685393,0.39325842696629215,0.0056179775280898875,0.011235955056179775,Adriano Espaillat,0.5337078651685393
72003,72003,100,4,106,34,0,1,145,0.027586206896551724,0.7310344827586207,0.23448275862068965,0.0,0.006896551724137931,Adriano Espaillat,0.7310344827586207
72004,72004,100,1,134,46,0,0,181,0.0055248618784530384,0.7403314917127072,0.2541436464088398,0.0,0.0,Adriano Espaillat,0.7403314917127072
72005,72005,100,0,135,31,2,4,172,0.0,0.7848837209302325,0.18023255813953487,0.011627906976744186,0.023255813953488372,Adriano Espaillat,0.7848837209302325
72006,72006,100,1,102,38,0,1,142,0.007042253521126761,0.7183098591549296,0.2676056338028169,0.0,0.007042253521126761,Adriano Espaillat,0.7183098591549296
72007,72007,100,6,117,29,1,3,156,0.038461538461538464,0.75,0.1858974358974359,0.00641025641025641,0.019230769230769232,Adriano Espaillat,0.75
72008,72008,100,2,135,24,0,3,164,0.012195121951219513,0.823170731707317,0.14634146341463414,0.0,0.018292682926829267,Adriano Espaillat,0.823170731707317
72009,72009,100,2,196,34,0,1,233,0.008583690987124463,0.8412017167381974,0.1459227467811159,0.0,0.004291845493562232,Adriano Espaillat,0.8412017167381974
72010,72010,100,3,125,25,0,0,153,0.0196078431372549,0.8169934640522876,0.16339869281045752,0.0,0.0,Adriano Espaillat,0.8169934640522876
72011,72011,100,0,120,18,1,0,139,0.0,0.8633093525179856,0.12949640287769784,0.007194244604316547,0.0,Adriano Espaillat,0.8633093525179856
72012,72012,100,2,119,27,0,0,148,0.013513513513513514,0.8040540540540541,0.18243243243243243,0.0,0.0,Adriano Espaillat,0.8040540540540541
72013,72013,100,1,95,11,0,0,107,0.009345794392523364,0.8878504672897196,0.102803738317757,0.0,0.0,Adriano Espaillat,0.8878504672897196
72014,72014,100,2,126,51,1,2,182,0.01098901098901099,0.6923076923076923,0.2802197802197802,0.005494505494505495,0.01098901098901099,Adriano Espaillat,0.6923076923076923
72015,72015,100,3,103,34,0,1,141,0.02127659574468085,0.7304964539007093,0.24113475177304963,0.0,0.0070921985815602835,Adriano Espaillat,0.7304964539007093
72016,72016,100,2,123,35,0,2,162,0.012345679012345678,0.7592592592592593,0.21604938271604937,0.0,0.012345679012345678,Adriano Espaillat,0.7592592592592593
72017,72017,100,2,102,27,2,2,135,0.014814814814814815,0.7555555555555555,0.2,0.014814814814814815,0.014814814814814815,Adriano Espaillat,0.7555555555555555
72018,72018,100,0,58,38,0,4,100,0.0,0.58,0.38,0.0,0.04,Adriano Espaillat,0.58
72019,72019,100,2,81,38,0,1,122,0.01639344262295082,0.6639344262295082,0.3114754098360656,0.0,0.00819672131147541,Adriano Espaillat,0.6639344262295082
72020,72020,100,0,106,26,0,1,133,0.0,0.7969924812030075,0.19548872180451127,0.0,0.007518796992481203,Adriano Espaillat,0.7969924812030075
72021,72021,100,3,119,37,0,2,161,0.018633540372670808,0.7391304347826086,0.22981366459627328,0.0,0.012422360248447204,Adriano Espaillat,0.7391304347826086
72022,72022,100,3,113,24,0,1,141,0.02127659574468085,0.8014184397163121,0.1702127659574468,0.0,0.0070921985815602835,Adriano Espaillat,0.8014184397163121
72023,72023,100,0,62,14,1,0,77,0.0,0.8051948051948052,0.18181818181818182,0.012987012987012988,0.0,Adriano Espaillat,0.8051948051948052
72024,72024,100,0,111,25,1,3,140,0.0,0.7928571428571428,0.17857142857142858,0.007142857142857143,0.02142857142857143,Adriano Espaillat,0.7928571428571428
72025,72025,100,0,101,22,0,0,123,0.0,0.8211382113821138,0.17886178861788618,0.0,0.0,Adriano Espaillat,0.8211382113821138
72026,72026,100,1,85,25,1,0,112,0.008928571428571428,0.7589285714285714,0.22321428571428573,0.008928571428571428,0.0,Adriano Espaillat,0.7589285714285714
72027,72027,100,1,74,27,0,1,103,0.009708737864077669,0.7184466019417476,0.2621359223300971,0.0,0.009708737864077669,Adriano Espaillat,0.7184466019417476
72028,72028,100,4,158,29,0,0,191,0.020942408376963352,0.8272251308900523,0.1518324607329843,0.0,0.0,Adriano Espaillat,0.8272251308900523
72029,72029,100,2,137,20,0,3,162,0.012345679012345678,0.845679012345679,0.12345679012345678,0.0,0.018518518518518517,Adriano Espaillat,0.845679012345679
72030,72030,100,0,111,22,0,1,134,0.0,0.8283582089552238,0.16417910447761194,0.0,0.007462686567164179,Adriano Espaillat,0.8283582089552238
72031,72031,100,1,142,34,0,3,180,0.005555555555555556,0.7888888888888889,0.18888888888888888,0.0,0.016666666666666666,Adriano Espaillat,0.7888888888888889
72032,72032,100,2,128,31,0,2,163,0.012269938650306749,0.7852760736196319,0.1901840490797546,0.0,0.012269938650306749,Adriano Espaillat,0.7852760736196319
72033,72033,100,4,76,41,0,2,123,0.032520325203252036,0.6178861788617886,0.3333333333333333,0.0,0.016260162601626018,Adriano Espaillat,0.6178861788617886
72034,72034,100,1,138,19,0,1,159,0.006289308176100629,0.8679245283018868,0.11949685534591195,0.0,0.006289308176100629,Adriano Espaillat,0.8679245283018868
72035,72035,100,4,139,11,1,0,155,0.025806451612903226,0.896774193548387,0.07096774193548387,0.0064516129032258064,0.0,Adriano Espaillat,0.896774193548387
72036,72036,100,2,83,50,1,3,139,0.014388489208633094,0.5971223021582733,0.3597122302158273,0.007194244604316547,0.02158273381294964,Adriano Espaillat,0.5971223021582733
72037,72037,100,0,32,13,0,1,46,0.0,0.6956521739130435,0.2826086956521739,0.0,0.021739130434782608,Adriano Espaillat,0.6956521739130435
72038,72038,100,1,53,20,0,3,77,0.012987012987012988,0.6883116883116883,0.2597402597402597,0.0,0.03896103896103896,Adriano Espaillat,0.6883116883116883
72039,72039,100,5,141,58,0,8,212,0.02358490566037736,0.6650943396226415,0.27358490566037735,0.0,0.03773584905660377,Adriano Espaillat,0.6650943396226415
72040,72040,100,1,78,16,0,0,95,0.010526315789473684,0.8210526315789474,0.16842105263157894,0.0,0.0,Adriano Espaillat,0.8210526315789474
72041,72041,100,8,133,61,1,4,207,0.03864734299516908,0.642512077294686,0.2946859903381642,0.004830917874396135,0.01932367149758454,Adriano Espaillat,0.642512077294686
72042,72042,100,7,147,40,0,1,195,0.035897435897435895,0.7538461538461538,0.20512820512820512,0.0,0.005128205128205128,Adriano Espaillat,0.7538461538461538
72043,72043,100,2,108,22,0,1,133,0.015037593984962405,0.8120300751879699,0.16541353383458646,0.0,0.007518796992481203,Adriano Espaillat,0.8120300751879699
72044,72044,100,1,111,24,0,3,139,0.007194244604316547,0.7985611510791367,0.17266187050359713,0.0,0.02158273381294964,Adriano Espaillat,0.7985611510791367
72045,72045,100,0,98,15,0,0,113,0.0,0.8672566371681416,0.13274336283185842,0.0,0.0,Adriano Espaillat,0.8672566371681416
72046,72046,100,3,55,21,0,0,79,0.0379746835443038,0.6962025316455697,0.26582278481012656,0.0,0.0,Adriano Espaillat,0.6962025316455697
72047,72047,100,2,128,21,0,0,151,0.013245033112582781,0.847682119205298,0.1390728476821192,0.0,0.0,Adriano Espaillat,0.847682119205298
72048,72048,100,3,145,25,0,0,173,0.017341040462427744,0.838150289017341,0.14450867052023122,0.0,0.0,Adriano Espaillat,0.838150289017341
72049,72049,100,3,148,10,0,2,163,0.018404907975460124,0.9079754601226994,0.06134969325153374,0.0,0.012269938650306749,Adriano Espaillat,0.9079754601226994
72050,72050,100,8,85,81,1,3,178,0.0449438202247191,0.47752808988764045,0.4550561797752809,0.0056179775280898875,0.016853932584269662,Adriano Espaillat,0.47752808988764045
72051,72051,100,0,83,68,1,2,154,0.0,0.538961038961039,0.44155844155844154,0.006493506493506494,0.012987012987012988,Adriano Espaillat,0.538961038961039
72052,72052,100,1,136,74,0,1,212,0.0047169811320754715,0.6415094339622641,0.3490566037735849,0.0,0.0047169811320754715,Adriano Espaillat,0.6415094339622641
72053,72053,100,4,137,28,1,0,170,0.023529411764705882,0.8058823529411765,0.16470588235294117,0.0058823529411764705,0.0,Adriano Espaillat,0.8058823529411765
72054,72054,100,0,123,11,0,0,134,0.0,0.917910447761194,0.08208955223880597,0.0,0.0,Adriano Espaillat,0.917910447761194
72055,72055,100,0,79,20,0,0,99,0.0,0.797979797979798,0.20202020202020202,0.0,0.0,Adriano Espaillat,0.797979797979798
72056,72056,100,3,146,12,0,1,162,0.018518518518518517,0.9012345679012346,0.07407407407407407,0.0,0.006172839506172839,Adriano Espaillat,0.9012345679012346
72057,72057,100,11,47,46,0,3,107,0.102803738317757,0.4392523364485981,0.42990654205607476,0.0,0.028037383177570093,Adriano Espaillat,0.4392523364485981
72058,72058,100,3,96,52,0,3,154,0.01948051948051948,0.6233766233766234,0.33766233766233766,0.0,0.01948051948051948,Adriano Espaillat,0.6233766233766234
72059,72059,100,4,64,41,0,0,109,0.03669724770642202,0.5871559633027523,0.3761467889908257,0.0,0.0,Adriano Espaillat,0.5871559633027523
72060,72060,100,5,113,46,0,1,165,0.030303030303030304,0.6848484848484848,0.2787878787878788,0.0,0.006060606060606061,Adriano Espaillat,0.6848484848484848
72061,72061,100,3,111,13,0,0,127,0.023622047244094488,0.8740157480314961,0.10236220472440945,0.0,0.0,Adriano Espaillat,0.8740157480314961
72062,72062,100,1,139,14,0,0,154,0.006493506493506494,0.9025974025974026,0.09090909090909091,0.0,0.0,Adriano Espaillat,0.9025974025974026
72063,72063,100,1,131,19,0,3,154,0.006493506493506494,0.8506493506493507,0.12337662337662338,0.0,0.01948051948051948,Adriano Espaillat,0.8506493506493507
72064,72064,100,6,80,47,1,6,140,0.04285714285714286,0.5714285714285714,0.3357142857142857,0.007142857142857143,0.04285714285714286,Adriano Espaillat,0.5714285714285714
72065,72065,100,1,87,17,1,3,109,0.009174311926605505,0.7981651376146789,0.1559633027522936,0.009174311926605505,0.027522935779816515,Adriano Espaillat,0.7981651376146789
72066,72066,100,5,90,54,0,1,150,0.03333333333333333,0.6,0.36,0.0,0.006666666666666667,Adriano Espaillat,0.6
72067,72067,100,8,77,64,1,4,154,0.05194805194805195,0.5,0.4155844155844156,0.006493506493506494,0.025974025974025976,Adriano Espaillat,0.5
72068,72068,100,11,131,85,2,0,229,0.048034934497816595,0.5720524017467249,0.37117903930131,0.008733624454148471,0.0,Adriano Espaillat,0.5720524017467249
72069,72069,100,6,74,62,1,0,143,0.04195804195804196,0.5174825174825175,0.43356643356643354,0.006993006993006993,0.0,Adriano Espaillat,0.5174825174825175
72070,72070,100,3,78,21,0,2,104,0.028846153846153848,0.75,0.20192307692307693,0.0,0.019230769230769232,Adriano Espaillat,0.75
72071,72071,100,4,58,48,1,2,113,0.035398230088495575,0.5132743362831859,0.4247787610619469,0.008849557522123894,0.017699115044247787,Adriano Espaillat,0.5132743362831859
72072,72072,100,2,107,51,0,1,161,0.012422360248447204,0.6645962732919255,0.3167701863354037,0.0,0.006211180124223602,Adriano Espaillat,0.6645962732919255
72073,72073,100,0,23,6,0,0,29,0.0,0.7931034482758621,0.20689655172413793,0.0,0.0,Adriano Espaillat,0.7931034482758621
72074,72074,100,2,86,42,0,0,130,0.015384615384615385,0.6615384615384615,0.3230769230769231,0.0,0.0,Adriano Espaillat,0.6615384615384615
72075,72075,100,2,96,109,0,1,208,0.009615384615384616,0.46153846153846156,0.5240384615384616,0.0,0.004807692307692308,Charles B. Rangel,0.5240384615384616
72076,72076,100,1,116,20,0,0,137,0.0072992700729927005,0.8467153284671532,0.145985401459854,0.0,0.0,Adriano Espaillat,0.8467153284671532
72200,71086,100,0,0,0,0,0,0,0,0,0,0,0,n/a,0
72201,71086,100,0,0,0,0,0,0,0,0,0,0,0,n/a,0
72202,71086,100,0,0,0,0,0,0,0,0,0,0,0,n/a,0
72203,71086,100,0,0,0,0,0,0,0,0,0,0,0,n/a,0
72204,72204,100,0,0,0,0,0,0,0,0,0,0,0,n/a,0
72205,72205,100,0,0,0,0,0,0,0,0,0,0,0,n/a,0
77023,77023,100,5,69,57,1,2,134,0.03731343283582089,0.5149253731343284,0.4253731343283582,0.007462686567164179,0.014925373134328358,Adriano Espaillat,0.5149253731343284
77024,77024,100,4,28,40,0,3,75,0.05333333333333334,0.37333333333333335,0.5333333333333333,0.0,0.04,Charles B. Rangel,0.5333333333333333
77025,77025,100,6,44,75,1,0,126,0.047619047619047616,0.3492063492063492,0.5952380952380952,0.007936507936507936,0.0,Charles B. Rangel,0.5952380952380952
77026,77026,100,2,6,32,0,0,40,0.05,0.15,0.8,0.0,0.0,Charles B. Rangel,0.8
77027,77027,100,8,20,65,0,3,96,0.08333333333333333,0.20833333333333334,0.6770833333333334,0.0,0.03125,Charles B. Rangel,0.6770833333333334
77028,77028,100,2,33,66,0,3,104,0.019230769230769232,0.3173076923076923,0.6346153846153846,0.0,0.028846153846153848,Charles B. Rangel,0.6346153846153846
77029,77029,100,1,5,12,0,0,18,0.05555555555555555,0.2777777777777778,0.6666666666666666,0.0,0.0,Charles B. Rangel,0.6666666666666666
77030,77030,100,2,7,33,0,0,42,0.047619047619047616,0.16666666666666666,0.7857142857142857,0.0,0.0,Charles B. Rangel,0.7857142857142857
77031,77031,100,0,5,6,0,0,11,0.0,0.45454545454545453,0.5454545454545454,0.0,0.0,Charles B. Rangel,0.5454545454545454
78013,78013,100,3,32,23,0,3,61,0.04918032786885246,0.5245901639344263,0.3770491803278688,0.0,0.04918032786885246,Adriano Espaillat,0.5245901639344263
78014,78014,100,2,26,18,0,1,47,0.0425531914893617,0.5531914893617021,0.3829787234042553,0.0,0.02127659574468085,Adriano Espaillat,0.5531914893617021
78015,78015,100,1,11,8,0,1,21,0.047619047619047616,0.5238095238095238,0.38095238095238093,0.0,0.047619047619047616,Adriano Espaillat,0.5238095238095238
78016,78016,100,2,21,15,0,0,38,0.05263157894736842,0.5526315789473685,0.39473684210526316,0.0,0.0,Adriano Espaillat,0.5526315789473685
78017,78017,100,0,14,7,0,1,22,0.0,0.6363636363636364,0.3181818181818182,0.0,0.045454545454545456,Adriano Espaillat,0.6363636363636364
78018,78018,100,1,46,10,2,2,61,0.01639344262295082,0.7540983606557377,0.16393442622950818,0.03278688524590164,0.03278688524590164,Adriano Espaillat,0.7540983606557377
78019,78019,100,3,21,12,0,0,36,0.08333333333333333,0.5833333333333334,0.3333333333333333,0.0,0.0,Adriano Espaillat,0.5833333333333334
78020,78020,100,3,26,18,2,1,50,0.06,0.52,0.36,0.04,0.02,Adriano Espaillat,0.52
78021,78021,100,1,31,25,0,6,63,0.015873015873015872,0.49206349206349204,0.3968253968253968,0.0,0.09523809523809523,Adriano Espaillat,0.49206349206349204
78022,78022,100,3,66,14,0,1,84,0.03571428571428571,0.7857142857142857,0.16666666666666666,0.0,0.011904761904761904,Adriano Espaillat,0.7857142857142857
78023,78023,100,3,66,18,0,1,88,0.03409090909090909,0.75,0.20454545454545456,0.0,0.011363636363636364,Adriano Espaillat,0.75
78024,78024,100,0,53,21,0,1,75,0.0,0.7066666666666667,0.28,0.0,0.013333333333333334,Adriano Espaillat,0.7066666666666667
78025,78025,100,1,26,12,0,0,39,0.02564102564102564,0.6666666666666666,0.3076923076923077,0.0,0.0,Adriano Espaillat,0.6666666666666666
78026,78026,100,0,31,22,0,1,54,0.0,0.5740740740740741,0.4074074074074074,0.0,0.018518518518518517,Adriano Espaillat,0.5740740740740741
78027,78027,100,2,19,7,0,1,29,0.06896551724137931,0.6551724137931034,0.2413793103448276,0.0,0.034482758620689655,Adriano Espaillat,0.6551724137931034
78028,78028,100,4,44,31,0,3,82,0.04878048780487805,0.5365853658536586,0.3780487804878049,0.0,0.036585365853658534,Adriano Espaillat,0.5365853658536586
78029,78029,100,0,39,20,1,3,63,0.0,0.6190476190476191,0.31746031746031744,0.015873015873015872,0.047619047619047616,Adriano Espaillat,0.6190476190476191
78030,78030,100,2,42,15,1,2,62,0.03225806451612903,0.6774193548387096,0.24193548387096775,0.016129032258064516,0.03225806451612903,Adriano Espaillat,0.6774193548387096
78031,78031,100,1,29,12,0,1,43,0.023255813953488372,0.6744186046511628,0.27906976744186046,0.0,0.023255813953488372,Adriano Espaillat,0.6744186046511628
78032,78032,100,1,57,28,0,4,90,0.011111111111111112,0.6333333333333333,0.3111111111111111,0.0,0.044444444444444446,Adriano Espaillat,0.6333333333333333
78033,78033,100,1,31,32,1,1,66,0.015151515151515152,0.4696969696969697,0.48484848484848486,0.015151515151515152,0.015151515151515152,Charles B. Rangel,0.48484848484848486
78034,78034,100,3,23,27,0,1,54,0.05555555555555555,0.42592592592592593,0.5,0.0,0.018518518518518517,Charles B. Rangel,0.5
78035,78035,100,0,5,6,0,2,13,0.0,0.38461538461538464,0.46153846153846156,0.0,0.15384615384615385,Charles B. Rangel,0.46153846153846156
78036,78036,100,2,22,16,0,1,41,0.04878048780487805,0.5365853658536586,0.3902439024390244,0.0,0.024390243902439025,Adriano Espaillat,0.5365853658536586
78038,78038,100,3,33,29,0,1,66,0.045454545454545456,0.5,0.4393939393939394,0.0,0.015151515151515152,Adriano Espaillat,0.5
78044,78044,100,2,70,35,3,3,113,0.017699115044247787,0.6194690265486725,0.30973451327433627,0.02654867256637168,0.02654867256637168,Adriano Espaillat,0.6194690265486725
78045,78045,100,1,96,20,0,2,119,0.008403361344537815,0.8067226890756303,0.16806722689075632,0.0,0.01680672268907563,Adriano Espaillat,0.8067226890756303
78046,78046,100,2,78,22,2,3,107,0.018691588785046728,0.7289719626168224,0.205607476635514,0.018691588785046728,0.028037383177570093,Adriano Espaillat,0.7289719626168224
78047,78047,100,4,34,25,0,2,65,0.06153846153846154,0.5230769230769231,0.38461538461538464,0.0,0.03076923076923077,Adriano Espaillat,0.5230769230769231
78048,78048,100,20,43,111,1,0,175,0.11428571428571428,0.24571428571428572,0.6342857142857142,0.005714285714285714,0.0,Charles B. Rangel,0.6342857142857142
78049,78049,100,9,31,65,0,3,108,0.08333333333333333,0.28703703703703703,0.6018518518518519,0.0,0.027777777777777776,Charles B. Rangel,0.6018518518518519
78050,78050,100,4,65,53,0,4,126,0.031746031746031744,0.5158730158730159,0.42063492063492064,0.0,0.031746031746031744,Adriano Espaillat,0.5158730158730159
78051,78051,100,1,116,18,1,1,137,0.0072992700729927005,0.8467153284671532,0.13138686131386862,0.0072992700729927005,0.0072992700729927005,Adriano Espaillat,0.8467153284671532
78052,78052,100,11,56,40,0,2,109,0.10091743119266056,0.5137614678899083,0.3669724770642202,0.0,0.01834862385321101,Adriano Espaillat,0.5137614678899083
78053,78053,100,0,46,12,1,0,59,0.0,0.7796610169491526,0.2033898305084746,0.01694915254237288,0.0,Adriano Espaillat,0.7796610169491526
78054,78054,100,1,23,28,0,0,52,0.019230769230769232,0.4423076923076923,0.5384615384615384,0.0,0.0,Charles B. Rangel,0.5384615384615384
80054,80054,100,0,6,5,0,0,11,0.0,0.5454545454545454,0.45454545454545453,0.0,0.0,Adriano Espaillat,0.5454545454545454
80056,80056,100,7,9,155,1,3,175,0.04,0.05142857142857143,0.8857142857142857,0.005714285714285714,0.017142857142857144,Charles B. Rangel,0.8857142857142857
80065,80065,100,9,11,156,0,2,178,0.05056179775280899,0.06179775280898876,0.8764044943820225,0.0,0.011235955056179775,Charles B. Rangel,0.8764044943820225
80076,80076,100,4,45,47,0,1,97,0.041237113402061855,0.4639175257731959,0.4845360824742268,0.0,0.010309278350515464,Charles B. Rangel,0.4845360824742268
80077,80077,100,2,47,32,0,6,87,0.022988505747126436,0.5402298850574713,0.367816091954023,0.0,0.06896551724137931,Adriano Espaillat,0.5402298850574713
80078,80078,100,2,48,27,0,0,77,0.025974025974025976,0.6233766233766234,0.35064935064935066,0.0,0.0,Adriano Espaillat,0.6233766233766234
80079,80079,100,1,31,32,0,5,69,0.014492753623188406,0.4492753623188406,0.463768115942029,0.0,0.07246376811594203,Charles B. Rangel,0.463768115942029
80080,80080,100,5,29,11,0,3,48,0.10416666666666667,0.6041666666666666,0.22916666666666666,0.0,0.0625,Adriano Espaillat,0.6041666666666666
80081,80081,100,3,35,13,1,4,56,0.05357142857142857,0.625,0.23214285714285715,0.017857142857142856,0.07142857142857142,Adriano Espaillat,0.625
80082,80082,100,2,11,20,0,3,36,0.05555555555555555,0.3055555555555556,0.5555555555555556,0.0,0.08333333333333333,Charles B. Rangel,0.5555555555555556
80083,80083,100,3,40,32,0,0,75,0.04,0.5333333333333333,0.4266666666666667,0.0,0.0,Adriano Espaillat,0.5333333333333333
80084,80084,100,0,15,11,1,1,28,0.0,0.5357142857142857,0.39285714285714285,0.03571428571428571,0.03571428571428571,Adriano Espaillat,0.5357142857142857
80085,80085,100,2,45,31,0,5,83,0.024096385542168676,0.5421686746987951,0.37349397590361444,0.0,0.060240963855421686,Adriano Espaillat,0.5421686746987951
80086,80086,100,0,34,21,0,3,58,0.0,0.5862068965517241,0.3620689655172414,0.0,0.05172413793103448,Adriano Espaillat,0.5862068965517241
80087,80087,100,2,13,14,1,1,31,0.06451612903225806,0.41935483870967744,0.45161290322580644,0.03225806451612903,0.03225806451612903,Charles B. Rangel,0.45161290322580644
80089,80087,100,0,0,0,0,0,0,0,0,0,0,0,n/a,0
81001,81001,100,3,49,53,0,7,112,0.026785714285714284,0.4375,0.4732142857142857,0.0,0.0625,Charles B. Rangel,0.4732142857142857
81002,81002,100,2,49,19,1,0,71,0.028169014084507043,0.6901408450704225,0.2676056338028169,0.014084507042253521,0.0,Adriano Espaillat,0.6901408450704225
81003,81003,100,1,14,11,0,1,27,0.037037037037037035,0.5185185185185185,0.4074074074074074,0.0,0.037037037037037035,Adriano Espaillat,0.5185185185185185
81004,81004,100,4,83,23,0,4,114,0.03508771929824561,0.7280701754385965,0.20175438596491227,0.0,0.03508771929824561,Adriano Espaillat,0.7280701754385965
81005,81005,100,2,68,29,1,1,101,0.019801980198019802,0.6732673267326733,0.2871287128712871,0.009900990099009901,0.009900990099009901,Adriano Espaillat,0.6732673267326733
81006,81006,100,2,37,35,0,1,75,0.02666666666666667,0.49333333333333335,0.4666666666666667,0.0,0.013333333333333334,Adriano Espaillat,0.49333333333333335
81007,81007,100,0,43,13,0,0,56,0.0,0.7678571428571429,0.23214285714285715,0.0,0.0,Adriano Espaillat,0.7678571428571429
81008,81008,100,4,27,24,0,1,56,0.07142857142857142,0.48214285714285715,0.42857142857142855,0.0,0.017857142857142856,Adriano Espaillat,0.48214285714285715
81009,81009,100,2,49,31,1,0,83,0.024096385542168676,0.5903614457831325,0.37349397590361444,0.012048192771084338,0.0,Adriano Espaillat,0.5903614457831325
81010,81010,100,0,9,8,0,0,17,0.0,0.5294117647058824,0.47058823529411764,0.0,0.0,Adriano Espaillat,0.5294117647058824
81012,81012,100,7,30,45,0,1,83,0.08433734939759036,0.3614457831325301,0.5421686746987951,0.0,0.012048192771084338,Charles B. Rangel,0.5421686746987951
81013,81013,100,2,16,21,0,3,42,0.047619047619047616,0.38095238095238093,0.5,0.0,0.07142857142857142,Charles B. Rangel,0.5
81014,81014,100,4,58,46,0,4,112,0.03571428571428571,0.5178571428571429,0.4107142857142857,0.0,0.03571428571428571,Adriano Espaillat,0.5178571428571429
81015,81015,100,3,52,39,2,3,99,0.030303030303030304,0.5252525252525253,0.3939393939393939,0.020202020202020204,0.030303030303030304,Adriano Espaillat,0.5252525252525253
81016,81016,100,0,4,1,0,1,6,0.0,0.6666666666666666,0.16666666666666666,0.0,0.16666666666666666,Adriano Espaillat,0.6666666666666666
81033,81033,100,3,50,63,0,2,118,0.025423728813559324,0.423728813559322,0.5338983050847458,0.0,0.01694915254237288,Charles B. Rangel,0.5338983050847458
81034,81034,100,3,43,54,2,1,103,0.02912621359223301,0.4174757281553398,0.5242718446601942,0.019417475728155338,0.009708737864077669,Charles B. Rangel,0.5242718446601942
81035,81035,100,2,38,43,1,4,88,0.022727272727272728,0.4318181818181818,0.48863636363636365,0.011363636363636364,0.045454545454545456,Charles B. Rangel,0.48863636363636365
81036,81036,100,0,50,29,1,2,82,0.0,0.6097560975609756,0.35365853658536583,0.012195121951219513,0.024390243902439025,Adriano Espaillat,0.6097560975609756
81037,81037,100,1,41,27,1,4,74,0.013513513513513514,0.5540540540540541,0.36486486486486486,0.013513513513513514,0.05405405405405406,Adriano Espaillat,0.5540540540540541
81038,81038,100,2,78,51,1,2,134,0.014925373134328358,0.582089552238806,0.3805970149253731,0.007462686567164179,0.014925373134328358,Adriano Espaillat,0.582089552238806
81039,81039,100,0,29,12,0,2,43,0.0,0.6744186046511628,0.27906976744186046,0.0,0.046511627906976744,Adriano Espaillat,0.6744186046511628
81040,81040,100,6,50,32,1,1,90,0.06666666666666667,0.5555555555555556,0.35555555555555557,0.011111111111111112,0.011111111111111112,Adriano Espaillat,0.5555555555555556
81041,81041,100,2,52,20,0,0,74,0.02702702702702703,0.7027027027027027,0.2702702702702703,0.0,0.0,Adriano Espaillat,0.7027027027027027
81042,81042,100,1,19,10,0,0,30,0.03333333333333333,0.6333333333333333,0.3333333333333333,0.0,0.0,Adriano Espaillat,0.6333333333333333
81045,81045,100,0,12,4,0,1,17,0.0,0.7058823529411765,0.23529411764705882,0.0,0.058823529411764705,Adriano Espaillat,0.7058823529411765
81046,81046,100,0,16,11,0,1,28,0.0,0.5714285714285714,0.39285714285714285,0.0,0.03571428571428571,Adriano Espaillat,0.5714285714285714
81092,81092,100,0,19,15,0,1,35,0.0,0.5428571428571428,0.42857142857142855,0.0,0.02857142857142857,Adriano Espaillat,0.5428571428571428
81093,81093,100,2,29,32,1,1,65,0.03076923076923077,0.4461538461538462,0.49230769230769234,0.015384615384615385,0.015384615384615385,Charles B. Rangel,0.49230769230769234
81094,81094,100,3,27,37,0,5,72,0.041666666666666664,0.375,0.5138888888888888,0.0,0.06944444444444445,Charles B. Rangel,0.5138888888888888
81095,81095,100,1,8,13,0,0,22,0.045454545454545456,0.36363636363636365,0.5909090909090909,0.0,0.0,Charles B. Rangel,0.5909090909090909
81096,81096,100,2,17,23,0,6,48,0.041666666666666664,0.3541666666666667,0.4791666666666667,0.0,0.125,Charles B. Rangel,0.4791666666666667
81097,81097,100,2,26,38,2,0,68,0.029411764705882353,0.38235294117647056,0.5588235294117647,0.029411764705882353,0.0,Charles B. Rangel,0.5588235294117647
81098,81098,100,3,13,29,1,2,48,0.0625,0.2708333333333333,0.6041666666666666,0.020833333333333332,0.041666666666666664,Charles B. Rangel,0.6041666666666666
81099,81099,100,1,44,33,0,5,83,0.012048192771084338,0.5301204819277109,0.39759036144578314,0.0,0.060240963855421686,Adriano Espaillat,0.5301204819277109
81100,81100,100,0,23,20,0,0,43,0.0,0.5348837209302325,0.46511627906976744,0.0,0.0,Adriano Espaillat,0.5348837209302325
81104,81096,100,0,0,0,0,0,0,0,0,0,0,0,n/a,0
81108,81010,100,0,0,0,0,0,0,0,0,0,0,0,n/a,0
86018,86018,100,3,48,12,0,2,65,0.046153846153846156,0.7384615384615385,0.18461538461538463,0.0,0.03076923076923077,Adriano Espaillat,0.7384615384615385
86019,86019,100,5,60,35,0,0,100,0.05,0.6,0.35,0.0,0.0,Adriano Espaillat,0.6
86020,86020,100,1,69,43,0,0,113,0.008849557522123894,0.6106194690265486,0.3805309734513274,0.0,0.0,Adriano Espaillat,0.6106194690265486
