ED,Reported As,Reporting,Amy Kalm,David W. Silverstone,Mary D'Elia,Charles S. Bayor,Sylvia E. Di Pietro,Charlotte E. Davidson,Emily J. Goodman,William Pawson,Thomas M. Greico,Michael J. Spillane,Paul J. Groncki,David Warren,Seth J. Weissman,Evelyn Suarez,Scattered,Francine Haselkorn,Allen N. Roskoff,Ronnie M. Eldridge,Judy Richheimer,Carol Demech,Kristen E. Kaufman,Lisa A. Padilla,Total Votes,p_Amy Kalm,p_David W. Silverstone,p_Mary D'Elia,p_Charles S. Bayor,p_Sylvia E. Di Pietro,p_Charlotte E. Davidson,p_Emily J. Goodman,p_William Pawson,p_Thomas M. Greico,p_Michael J. Spillane,p_Paul J. Groncki,p_David Warren,p_Seth J. Weissman,p_Evelyn Suarez,p_Scattered,p_Francine Haselkorn,p_Allen N. Roskoff,p_Ronnie M. Eldridge,p_Judy Richheimer,p_Carol Demech,p_Kristen E. Kaufman,p_Lisa A. Padilla,winner,winner_p
75001,75001,100,43,33,39,22,59,58,67,18,26,27,31,33,32,51,1,52,28,40,56,46,49,56,867,0.049596309111880045,0.03806228373702422,0.04498269896193772,0.025374855824682813,0.06805074971164937,0.06689734717416378,0.07727797001153403,0.020761245674740483,0.029988465974625143,0.031141868512110725,0.03575547866205306,0.03806228373702422,0.03690888119953864,0.058823529411764705,0.0011534025374855825,0.05997693194925029,0.03229527104959631,0.0461361014994233,0.06459054209919261,0.0530565167243368,0.05651672433679354,0.06459054209919261,Emily J. Goodman,0.07727797001153403
75002,75002,100,35,26,33,17,37,32,45,20,18,18,32,29,30,36,0,35,29,30,45,42,37,42,668,0.05239520958083832,0.038922155688622756,0.04940119760479042,0.025449101796407185,0.05538922155688623,0.04790419161676647,0.06736526946107785,0.029940119760479042,0.02694610778443114,0.02694610778443114,0.04790419161676647,0.04341317365269461,0.04491017964071856,0.05389221556886228,0.0,0.05239520958083832,0.04341317365269461,0.04491017964071856,0.06736526946107785,0.06287425149700598,0.05538922155688623,0.06287425149700598,Tie,0.06736526946107785
75003,75003,100,16,11,14,10,17,16,21,8,10,11,10,6,10,16,0,18,11,18,18,17,20,22,300,0.05333333333333334,0.03666666666666667,0.04666666666666667,0.03333333333333333,0.056666666666666664,0.05333333333333334,0.07,0.02666666666666667,0.03333333333333333,0.03666666666666667,0.03333333333333333,0.02,0.03333333333333333,0.05333333333333334,0.0,0.06,0.03666666666666667,0.06,0.06,0.056666666666666664,0.06666666666666667,0.07333333333333333,Lisa A. Padilla,0.07333333333333333
75004,75004,100,26,19,31,20,31,29,39,17,17,19,20,18,25,29,0,26,22,24,30,27,32,27,528,0.04924242424242424,0.03598484848484849,0.058712121212121215,0.03787878787878788,0.058712121212121215,0.054924242424242424,0.07386363636363637,0.032196969696969696,0.032196969696969696,0.03598484848484849,0.03787878787878788,0.03409090909090909,0.04734848484848485,0.054924242424242424,0.0,0.04924242424242424,0.041666666666666664,0.045454545454545456,0.056818181818181816,0.05113636363636364,0.06060606060606061,0.05113636363636364,Emily J. Goodman,0.07386363636363637
75005,75005,100,32,42,31,20,50,48,47,19,26,26,44,42,32,51,0,44,31,42,49,40,35,53,804,0.03980099502487562,0.05223880597014925,0.03855721393034826,0.024875621890547265,0.06218905472636816,0.05970149253731343,0.05845771144278607,0.0236318407960199,0.03233830845771144,0.03233830845771144,0.05472636815920398,0.05223880597014925,0.03980099502487562,0.06343283582089553,0.0,0.05472636815920398,0.03855721393034826,0.05223880597014925,0.060945273631840796,0.04975124378109453,0.043532338308457715,0.06592039800995025,Lisa A. Padilla,0.06592039800995025
75006,75006,100,34,34,31,23,46,41,43,19,25,27,33,32,30,44,1,38,23,33,43,41,35,41,717,0.04741980474198047,0.04741980474198047,0.043235704323570434,0.03207810320781032,0.06415620641562064,0.05718270571827057,0.0599721059972106,0.026499302649930265,0.03486750348675035,0.03765690376569038,0.04602510460251046,0.044630404463040445,0.04184100418410042,0.061366806136680614,0.001394700139470014,0.05299860529986053,0.03207810320781032,0.04602510460251046,0.0599721059972106,0.05718270571827057,0.04881450488145049,0.05718270571827057,Sylvia E. Di Pietro,0.06415620641562064
75007,75007,100,5,6,6,5,6,7,11,4,5,4,4,4,6,6,0,4,5,7,4,5,6,7,117,0.042735042735042736,0.05128205128205128,0.05128205128205128,0.042735042735042736,0.05128205128205128,0.05982905982905983,0.09401709401709402,0.03418803418803419,0.042735042735042736,0.03418803418803419,0.03418803418803419,0.03418803418803419,0.05128205128205128,0.05128205128205128,0.0,0.03418803418803419,0.042735042735042736,0.05982905982905983,0.03418803418803419,0.042735042735042736,0.05128205128205128,0.05982905982905983,Emily J. Goodman,0.09401709401709402
75008,75008,100,16,6,16,10,14,14,24,7,8,9,9,5,8,13,0,12,9,16,18,12,17,12,255,0.06274509803921569,0.023529411764705882,0.06274509803921569,0.0392156862745098,0.054901960784313725,0.054901960784313725,0.09411764705882353,0.027450980392156862,0.03137254901960784,0.03529411764705882,0.03529411764705882,0.0196078431372549,0.03137254901960784,0.050980392156862744,0.0,0.047058823529411764,0.03529411764705882,0.06274509803921569,0.07058823529411765,0.047058823529411764,0.06666666666666667,0.047058823529411764,Emily J. Goodman,0.09411764705882353
75009,75009,100,9,7,8,4,9,8,13,2,6,5,5,4,6,11,0,8,5,9,10,9,8,9,155,0.05806451612903226,0.04516129032258064,0.05161290322580645,0.025806451612903226,0.05806451612903226,0.05161290322580645,0.08387096774193549,0.012903225806451613,0.03870967741935484,0.03225806451612903,0.03225806451612903,0.025806451612903226,0.03870967741935484,0.07096774193548387,0.0,0.05161290322580645,0.03225806451612903,0.05806451612903226,0.06451612903225806,0.05806451612903226,0.05161290322580645,0.05806451612903226,Emily J. Goodman,0.08387096774193549
75010,75010,100,13,14,11,10,16,17,19,5,7,8,12,15,9,22,0,18,9,15,19,13,10,18,280,0.04642857142857143,0.05,0.039285714285714285,0.03571428571428571,0.05714285714285714,0.060714285714285714,0.06785714285714285,0.017857142857142856,0.025,0.02857142857142857,0.04285714285714286,0.05357142857142857,0.03214285714285714,0.07857142857142857,0.0,0.06428571428571428,0.03214285714285714,0.05357142857142857,0.06785714285714285,0.04642857142857143,0.03571428571428571,0.06428571428571428,Evelyn Suarez,0.07857142857142857
75011,75011,100,20,20,25,13,25,23,28,11,17,14,17,20,18,28,3,19,17,21,26,20,19,29,433,0.046189376443418015,0.046189376443418015,0.057736720554272515,0.03002309468822171,0.057736720554272515,0.053117782909930716,0.06466512702078522,0.025404157043879907,0.03926096997690531,0.03233256351039261,0.03926096997690531,0.046189376443418015,0.04157043879907621,0.06466512702078522,0.006928406466512702,0.04387990762124711,0.03926096997690531,0.04849884526558892,0.06004618937644342,0.046189376443418015,0.04387990762124711,0.06697459584295612,Lisa A. Padilla,0.06697459584295612
75012,75012,100,18,9,20,16,14,13,22,17,16,15,12,12,14,24,0,10,14,19,13,14,17,16,325,0.055384615384615386,0.027692307692307693,0.06153846153846154,0.04923076923076923,0.043076923076923075,0.04,0.06769230769230769,0.052307692307692305,0.04923076923076923,0.046153846153846156,0.036923076923076927,0.036923076923076927,0.043076923076923075,0.07384615384615385,0.0,0.03076923076923077,0.043076923076923075,0.05846153846153846,0.04,0.043076923076923075,0.052307692307692305,0.04923076923076923,Evelyn Suarez,0.07384615384615385
75013,75013,100,10,6,12,7,12,12,17,6,6,7,5,8,5,15,1,9,7,11,12,10,15,11,204,0.049019607843137254,0.029411764705882353,0.058823529411764705,0.03431372549019608,0.058823529411764705,0.058823529411764705,0.08333333333333333,0.029411764705882353,0.029411764705882353,0.03431372549019608,0.024509803921568627,0.0392156862745098,0.024509803921568627,0.07352941176470588,0.004901960784313725,0.04411764705882353,0.03431372549019608,0.05392156862745098,0.058823529411764705,0.049019607843137254,0.07352941176470588,0.05392156862745098,Emily J. Goodman,0.08333333333333333
75014,75014,100,10,7,9,8,10,13,18,5,9,12,9,8,7,13,0,6,6,8,12,9,13,16,208,0.04807692307692308,0.03365384615384615,0.04326923076923077,0.038461538461538464,0.04807692307692308,0.0625,0.08653846153846154,0.02403846153846154,0.04326923076923077,0.057692307692307696,0.04326923076923077,0.038461538461538464,0.03365384615384615,0.0625,0.0,0.028846153846153848,0.028846153846153848,0.038461538461538464,0.057692307692307696,0.04326923076923077,0.0625,0.07692307692307693,Emily J. Goodman,0.08653846153846154
75015,75015,100,18,8,19,11,18,12,25,14,16,15,8,9,17,20,0,12,17,21,20,11,22,19,332,0.05421686746987952,0.024096385542168676,0.0572289156626506,0.03313253012048193,0.05421686746987952,0.03614457831325301,0.07530120481927711,0.04216867469879518,0.04819277108433735,0.045180722891566265,0.024096385542168676,0.02710843373493976,0.05120481927710843,0.060240963855421686,0.0,0.03614457831325301,0.05120481927710843,0.06325301204819277,0.060240963855421686,0.03313253012048193,0.06626506024096386,0.0572289156626506,Emily J. Goodman,0.07530120481927711
75016,75016,100,34,15,39,21,30,25,37,22,24,22,18,13,22,28,1,22,20,21,29,23,37,30,533,0.06378986866791744,0.028142589118198873,0.07317073170731707,0.039399624765478425,0.05628517823639775,0.04690431519699812,0.06941838649155722,0.04127579737335835,0.0450281425891182,0.04127579737335835,0.03377110694183865,0.024390243902439025,0.04127579737335835,0.0525328330206379,0.001876172607879925,0.04127579737335835,0.0375234521575985,0.039399624765478425,0.054409005628517824,0.043151969981238276,0.06941838649155722,0.05628517823639775,Mary D'Elia,0.07317073170731707
75017,75017,100,13,10,12,6,17,18,20,9,10,9,13,13,11,16,0,15,10,13,16,14,15,18,278,0.046762589928057555,0.03597122302158273,0.04316546762589928,0.02158273381294964,0.06115107913669065,0.06474820143884892,0.07194244604316546,0.03237410071942446,0.03597122302158273,0.03237410071942446,0.046762589928057555,0.046762589928057555,0.039568345323741004,0.05755395683453238,0.0,0.0539568345323741,0.03597122302158273,0.046762589928057555,0.05755395683453238,0.050359712230215826,0.0539568345323741,0.06474820143884892,Emily J. Goodman,0.07194244604316546
75018,75018,100,10,5,8,4,7,7,13,7,9,8,4,6,5,9,0,5,10,12,9,5,9,8,160,0.0625,0.03125,0.05,0.025,0.04375,0.04375,0.08125,0.04375,0.05625,0.05,0.025,0.0375,0.03125,0.05625,0.0,0.03125,0.0625,0.075,0.05625,0.03125,0.05625,0.05,Emily J. Goodman,0.08125
75019,75019,100,26,13,23,16,18,15,30,13,13,18,13,9,20,20,1,17,18,17,20,15,24,19,378,0.06878306878306878,0.03439153439153439,0.06084656084656084,0.042328042328042326,0.047619047619047616,0.03968253968253968,0.07936507936507936,0.03439153439153439,0.03439153439153439,0.047619047619047616,0.03439153439153439,0.023809523809523808,0.05291005291005291,0.05291005291005291,0.0026455026455026454,0.04497354497354497,0.047619047619047616,0.04497354497354497,0.05291005291005291,0.03968253968253968,0.06349206349206349,0.05026455026455026,Emily J. Goodman,0.07936507936507936
75020,75020,100,39,25,45,26,33,26,46,27,36,34,25,21,40,27,0,33,33,34,36,27,43,33,689,0.05660377358490566,0.036284470246734396,0.06531204644412192,0.03773584905660377,0.047895500725689405,0.03773584905660377,0.06676342525399129,0.03918722786647315,0.05224963715529753,0.04934687953555878,0.036284470246734396,0.030478955007256895,0.05805515239477504,0.03918722786647315,0.0,0.047895500725689405,0.047895500725689405,0.04934687953555878,0.05224963715529753,0.03918722786647315,0.062409288824383166,0.047895500725689405,Emily J. Goodman,0.06676342525399129
75021,75021,100,7,11,9,7,12,11,8,7,8,7,12,12,6,13,0,10,8,10,13,10,7,12,200,0.035,0.055,0.045,0.035,0.06,0.055,0.04,0.035,0.04,0.035,0.06,0.06,0.03,0.065,0.0,0.05,0.04,0.05,0.065,0.05,0.035,0.06,Tie,0.065
75022,75022,100,13,7,12,11,14,14,15,7,11,7,9,10,9,18,4,12,8,12,16,15,12,14,250,0.052,0.028,0.048,0.044,0.056,0.056,0.06,0.028,0.044,0.028,0.036,0.04,0.036,0.072,0.016,0.048,0.032,0.048,0.064,0.06,0.048,0.056,Evelyn Suarez,0.072
75023,75023,100,16,15,14,17,17,13,27,13,13,12,13,13,21,17,0,14,18,25,18,16,19,21,352,0.045454545454545456,0.04261363636363636,0.03977272727272727,0.048295454545454544,0.048295454545454544,0.036931818181818184,0.07670454545454546,0.036931818181818184,0.036931818181818184,0.03409090909090909,0.036931818181818184,0.036931818181818184,0.05965909090909091,0.048295454545454544,0.0,0.03977272727272727,0.05113636363636364,0.07102272727272728,0.05113636363636364,0.045454545454545456,0.05397727272727273,0.05965909090909091,Emily J. Goodman,0.07670454545454546
75024,75024,100,17,20,22,15,24,23,26,13,13,12,16,18,14,23,1,23,15,20,37,19,23,25,419,0.0405727923627685,0.0477326968973747,0.05250596658711217,0.03579952267303103,0.057279236276849645,0.05489260143198091,0.06205250596658711,0.031026252983293555,0.031026252983293555,0.028639618138424822,0.03818615751789976,0.04295942720763723,0.03341288782816229,0.05489260143198091,0.002386634844868735,0.05489260143198091,0.03579952267303103,0.0477326968973747,0.0883054892601432,0.045346062052505964,0.05489260143198091,0.059665871121718374,Judy Richheimer,0.0883054892601432
75025,75025,100,36,14,32,25,24,22,44,23,26,29,15,17,27,27,4,23,24,36,35,25,39,25,572,0.06293706293706294,0.024475524475524476,0.055944055944055944,0.043706293706293704,0.04195804195804196,0.038461538461538464,0.07692307692307693,0.04020979020979021,0.045454545454545456,0.050699300699300696,0.026223776223776224,0.02972027972027972,0.0472027972027972,0.0472027972027972,0.006993006993006993,0.04020979020979021,0.04195804195804196,0.06293706293706294,0.06118881118881119,0.043706293706293704,0.06818181818181818,0.043706293706293704,Emily J. Goodman,0.07692307692307693
75026,75026,100,37,27,35,27,49,42,47,17,26,28,35,34,25,47,1,33,34,40,54,44,40,45,767,0.048239895697522815,0.035202086049543675,0.04563233376792699,0.035202086049543675,0.06388526727509779,0.054758800521512385,0.061277705345501955,0.02216427640156454,0.03389830508474576,0.03650586701434159,0.04563233376792699,0.04432855280312908,0.03259452411994785,0.061277705345501955,0.001303780964797914,0.04302477183833116,0.04432855280312908,0.05215123859191656,0.07040417209908735,0.05736636245110821,0.05215123859191656,0.05867014341590613,Judy Richheimer,0.07040417209908735
75027,75027,100,49,29,43,34,36,32,56,34,35,40,24,24,45,42,2,32,41,45,49,35,47,38,812,0.0603448275862069,0.03571428571428571,0.05295566502463054,0.04187192118226601,0.04433497536945813,0.03940886699507389,0.06896551724137931,0.04187192118226601,0.04310344827586207,0.04926108374384237,0.029556650246305417,0.029556650246305417,0.05541871921182266,0.05172413793103448,0.0024630541871921183,0.03940886699507389,0.050492610837438424,0.05541871921182266,0.0603448275862069,0.04310344827586207,0.05788177339901478,0.046798029556650245,Emily J. Goodman,0.06896551724137931
75028,75028,100,35,19,35,13,38,34,47,9,13,18,14,22,12,44,1,31,13,25,34,36,34,42,569,0.061511423550087874,0.033391915641476276,0.061511423550087874,0.022847100175746926,0.06678383128295255,0.05975395430579965,0.08260105448154657,0.015817223198594025,0.022847100175746926,0.03163444639718805,0.02460456942003515,0.03866432337434095,0.0210896309314587,0.0773286467486819,0.0017574692442882249,0.054481546572934976,0.022847100175746926,0.043936731107205626,0.05975395430579965,0.0632688927943761,0.05975395430579965,0.07381370826010544,Emily J. Goodman,0.08260105448154657
75029,75029,100,2,4,2,3,4,3,3,3,3,2,4,4,3,4,0,3,3,2,3,5,4,5,69,0.028985507246376812,0.057971014492753624,0.028985507246376812,0.043478260869565216,0.057971014492753624,0.043478260869565216,0.043478260869565216,0.043478260869565216,0.043478260869565216,0.028985507246376812,0.057971014492753624,0.057971014492753624,0.043478260869565216,0.057971014492753624,0.0,0.043478260869565216,0.043478260869565216,0.028985507246376812,0.043478260869565216,0.07246376811594203,0.057971014492753624,0.07246376811594203,Tie,0.07246376811594203
75030,75030,100,16,12,15,7,17,14,23,8,7,5,4,4,11,20,0,12,10,11,21,15,18,16,266,0.06015037593984962,0.045112781954887216,0.05639097744360902,0.02631578947368421,0.06390977443609022,0.05263157894736842,0.08646616541353383,0.03007518796992481,0.02631578947368421,0.018796992481203006,0.015037593984962405,0.015037593984962405,0.041353383458646614,0.07518796992481203,0.0,0.045112781954887216,0.03759398496240601,0.041353383458646614,0.07894736842105263,0.05639097744360902,0.06766917293233082,0.06015037593984962,Emily J. Goodman,0.08646616541353383
75031,75031,100,19,14,18,9,23,21,21,9,6,13,12,18,12,29,3,21,8,12,26,20,17,25,356,0.05337078651685393,0.03932584269662921,0.05056179775280899,0.025280898876404494,0.06460674157303371,0.05898876404494382,0.05898876404494382,0.025280898876404494,0.016853932584269662,0.03651685393258427,0.033707865168539325,0.05056179775280899,0.033707865168539325,0.08146067415730338,0.008426966292134831,0.05898876404494382,0.02247191011235955,0.033707865168539325,0.07303370786516854,0.056179775280898875,0.047752808988764044,0.0702247191011236,Evelyn Suarez,0.08146067415730338
75032,75032,100,18,8,15,8,17,17,25,6,10,10,3,9,11,17,0,14,9,15,18,12,19,19,280,0.06428571428571428,0.02857142857142857,0.05357142857142857,0.02857142857142857,0.060714285714285714,0.060714285714285714,0.08928571428571429,0.02142857142857143,0.03571428571428571,0.03571428571428571,0.010714285714285714,0.03214285714285714,0.039285714285714285,0.060714285714285714,0.0,0.05,0.03214285714285714,0.05357142857142857,0.06428571428571428,0.04285714285714286,0.06785714285714285,0.06785714285714285,Emily J. Goodman,0.08928571428571429
75033,75033,100,17,14,14,7,19,17,20,4,5,8,12,14,9,15,0,16,6,10,21,17,16,19,280,0.060714285714285714,0.05,0.05,0.025,0.06785714285714285,0.060714285714285714,0.07142857142857142,0.014285714285714285,0.017857142857142856,0.02857142857142857,0.04285714285714286,0.05,0.03214285714285714,0.05357142857142857,0.0,0.05714285714285714,0.02142857142857143,0.03571428571428571,0.075,0.060714285714285714,0.05714285714285714,0.06785714285714285,Judy Richheimer,0.075
75034,75034,100,32,16,30,22,24,27,29,15,17,17,14,17,13,25,0,23,15,17,27,28,27,23,458,0.06986899563318777,0.034934497816593885,0.06550218340611354,0.048034934497816595,0.05240174672489083,0.05895196506550218,0.06331877729257641,0.03275109170305677,0.03711790393013101,0.03711790393013101,0.03056768558951965,0.03711790393013101,0.028384279475982533,0.05458515283842795,0.0,0.05021834061135371,0.03275109170305677,0.03711790393013101,0.05895196506550218,0.0611353711790393,0.05895196506550218,0.05021834061135371,Amy Kalm,0.06986899563318777
75035,75035,100,7,3,5,4,6,7,11,4,4,3,3,4,3,8,0,9,2,11,11,5,7,7,124,0.056451612903225805,0.024193548387096774,0.04032258064516129,0.03225806451612903,0.04838709677419355,0.056451612903225805,0.08870967741935484,0.03225806451612903,0.03225806451612903,0.024193548387096774,0.024193548387096774,0.03225806451612903,0.024193548387096774,0.06451612903225806,0.0,0.07258064516129033,0.016129032258064516,0.08870967741935484,0.08870967741935484,0.04032258064516129,0.056451612903225805,0.056451612903225805,Tie,0.08870967741935484
75036,75036,100,33,8,31,15,22,22,39,17,16,20,7,8,19,23,0,24,17,23,30,25,34,24,457,0.07221006564551423,0.0175054704595186,0.06783369803063458,0.03282275711159737,0.04814004376367615,0.04814004376367615,0.08533916849015317,0.037199124726477024,0.0350109409190372,0.0437636761487965,0.015317286652078774,0.0175054704595186,0.04157549234135667,0.05032822757111598,0.0,0.0525164113785558,0.037199124726477024,0.05032822757111598,0.06564551422319474,0.05470459518599562,0.07439824945295405,0.0525164113785558,Emily J. Goodman,0.08533916849015317
75037,75037,100,17,5,16,9,10,10,19,8,9,9,4,5,12,11,0,10,11,14,14,10,18,12,233,0.07296137339055794,0.02145922746781116,0.06866952789699571,0.03862660944206009,0.04291845493562232,0.04291845493562232,0.0815450643776824,0.034334763948497854,0.03862660944206009,0.03862660944206009,0.017167381974248927,0.02145922746781116,0.05150214592274678,0.04721030042918455,0.0,0.04291845493562232,0.04721030042918455,0.060085836909871244,0.060085836909871244,0.04291845493562232,0.07725321888412018,0.05150214592274678,Emily J. Goodman,0.0815450643776824
75038,75038,100,64,23,62,57,31,33,77,43,50,48,20,19,52,36,3,29,59,74,62,30,64,37,973,0.065775950668037,0.023638232271325797,0.06372045220966084,0.05858170606372045,0.03186022610483042,0.03391572456320658,0.07913669064748201,0.044193216855087356,0.051387461459403906,0.04933196300102775,0.020554984583761562,0.019527235354573486,0.05344295991778006,0.03699897225077081,0.003083247687564234,0.029804727646454265,0.06063720452209661,0.07605344295991778,0.06372045220966084,0.030832476875642344,0.065775950668037,0.03802672147995889,Emily J. Goodman,0.07913669064748201
75039,75039,100,12,16,11,7,16,13,11,9,8,7,15,15,8,16,1,15,5,7,22,13,10,17,254,0.047244094488188976,0.06299212598425197,0.04330708661417323,0.027559055118110236,0.06299212598425197,0.051181102362204724,0.04330708661417323,0.03543307086614173,0.031496062992125984,0.027559055118110236,0.05905511811023622,0.05905511811023622,0.031496062992125984,0.06299212598425197,0.003937007874015748,0.05905511811023622,0.01968503937007874,0.027559055118110236,0.08661417322834646,0.051181102362204724,0.03937007874015748,0.06692913385826772,Judy Richheimer,0.08661417322834646
75040,75040,100,17,14,19,11,17,14,21,14,17,15,10,15,7,22,1,10,8,10,21,14,17,22,316,0.05379746835443038,0.04430379746835443,0.060126582278481014,0.03481012658227848,0.05379746835443038,0.04430379746835443,0.06645569620253164,0.04430379746835443,0.05379746835443038,0.04746835443037975,0.03164556962025317,0.04746835443037975,0.022151898734177215,0.06962025316455696,0.0031645569620253164,0.03164556962025317,0.02531645569620253,0.03164556962025317,0.06645569620253164,0.04430379746835443,0.05379746835443038,0.06962025316455696,Tie,0.06962025316455696
75041,75041,100,44,31,42,36,41,32,54,29,32,37,32,26,37,38,1,29,35,48,53,37,45,43,802,0.05486284289276808,0.03865336658354115,0.05236907730673317,0.04488778054862843,0.05112219451371571,0.0399002493765586,0.06733167082294264,0.03615960099750624,0.0399002493765586,0.046134663341645885,0.0399002493765586,0.032418952618453865,0.046134663341645885,0.04738154613466334,0.0012468827930174563,0.03615960099750624,0.043640897755610975,0.059850374064837904,0.06608478802992519,0.046134663341645885,0.05610972568578554,0.05361596009975062,Emily J. Goodman,0.06733167082294264
75042,75042,100,13,11,12,5,14,9,22,8,7,8,10,11,11,13,1,8,10,11,14,10,13,13,234,0.05555555555555555,0.04700854700854701,0.05128205128205128,0.021367521367521368,0.05982905982905983,0.038461538461538464,0.09401709401709402,0.03418803418803419,0.029914529914529916,0.03418803418803419,0.042735042735042736,0.04700854700854701,0.04700854700854701,0.05555555555555555,0.004273504273504274,0.03418803418803419,0.042735042735042736,0.04700854700854701,0.05982905982905983,0.042735042735042736,0.05555555555555555,0.05555555555555555,Emily J. Goodman,0.09401709401709402
75043,75043,100,58,32,58,57,48,45,81,39,52,55,39,26,47,54,17,34,58,81,58,46,58,51,1094,0.05301645338208409,0.029250457038391225,0.05301645338208409,0.05210237659963437,0.043875685557586835,0.04113345521023766,0.0740402193784278,0.0356489945155393,0.04753199268738574,0.050274223034734916,0.0356489945155393,0.02376599634369287,0.04296160877513711,0.04936014625228519,0.015539305301645339,0.031078610603290677,0.05301645338208409,0.0740402193784278,0.05301645338208409,0.04204753199268738,0.05301645338208409,0.04661791590493602,Tie,0.0740402193784278
75044,75044,100,64,36,66,71,53,48,91,44,52,58,34,31,52,53,4,36,55,78,67,50,65,57,1165,0.054935622317596564,0.030901287553648068,0.05665236051502146,0.06094420600858369,0.045493562231759654,0.041201716738197426,0.07811158798283262,0.03776824034334764,0.04463519313304721,0.04978540772532189,0.029184549356223177,0.026609442060085836,0.04463519313304721,0.045493562231759654,0.0034334763948497852,0.030901287553648068,0.04721030042918455,0.06695278969957082,0.05751072961373391,0.04291845493562232,0.055793991416309016,0.048927038626609444,Emily J. Goodman,0.07811158798283262
75045,75045,100,10,5,9,5,7,8,8,4,7,9,4,3,6,19,12,1,6,6,13,3,10,9,164,0.06097560975609756,0.03048780487804878,0.054878048780487805,0.03048780487804878,0.042682926829268296,0.04878048780487805,0.04878048780487805,0.024390243902439025,0.042682926829268296,0.054878048780487805,0.024390243902439025,0.018292682926829267,0.036585365853658534,0.11585365853658537,0.07317073170731707,0.006097560975609756,0.036585365853658534,0.036585365853658534,0.07926829268292683,0.018292682926829267,0.06097560975609756,0.054878048780487805,Evelyn Suarez,0.11585365853658537
75046,75046,100,5,1,4,2,4,3,4,2,4,4,2,2,2,3,0,3,2,3,5,5,5,3,68,0.07352941176470588,0.014705882352941176,0.058823529411764705,0.029411764705882353,0.058823529411764705,0.04411764705882353,0.058823529411764705,0.029411764705882353,0.058823529411764705,0.058823529411764705,0.029411764705882353,0.029411764705882353,0.029411764705882353,0.04411764705882353,0.0,0.04411764705882353,0.029411764705882353,0.04411764705882353,0.07352941176470588,0.07352941176470588,0.07352941176470588,0.04411764705882353,Tie,0.07352941176470588
75047,75047,100,7,10,8,7,13,9,12,7,6,8,7,9,4,11,0,9,2,7,14,10,8,18,186,0.03763440860215054,0.053763440860215055,0.043010752688172046,0.03763440860215054,0.06989247311827956,0.04838709677419355,0.06451612903225806,0.03763440860215054,0.03225806451612903,0.043010752688172046,0.03763440860215054,0.04838709677419355,0.021505376344086023,0.05913978494623656,0.0,0.04838709677419355,0.010752688172043012,0.03763440860215054,0.07526881720430108,0.053763440860215055,0.043010752688172046,0.0967741935483871,Lisa A. Padilla,0.0967741935483871
75048,75048,100,9,4,9,7,7,5,11,6,5,4,1,4,6,6,1,5,6,9,7,6,12,6,136,0.0661764705882353,0.029411764705882353,0.0661764705882353,0.051470588235294115,0.051470588235294115,0.03676470588235294,0.08088235294117647,0.04411764705882353,0.03676470588235294,0.029411764705882353,0.007352941176470588,0.029411764705882353,0.04411764705882353,0.04411764705882353,0.007352941176470588,0.03676470588235294,0.04411764705882353,0.0661764705882353,0.051470588235294115,0.04411764705882353,0.08823529411764706,0.04411764705882353,Kristen E. Kaufman,0.08823529411764706
75049,75049,100,5,3,5,4,2,2,7,6,5,7,4,2,7,6,0,2,6,4,3,3,4,4,91,0.054945054945054944,0.03296703296703297,0.054945054945054944,0.04395604395604396,0.02197802197802198,0.02197802197802198,0.07692307692307693,0.06593406593406594,0.054945054945054944,0.07692307692307693,0.04395604395604396,0.02197802197802198,0.07692307692307693,0.06593406593406594,0.0,0.02197802197802198,0.06593406593406594,0.04395604395604396,0.03296703296703297,0.03296703296703297,0.04395604395604396,0.04395604395604396,Tie,0.07692307692307693
75050,75050,100,11,3,7,5,10,9,8,3,4,4,1,2,4,13,0,7,2,6,9,8,8,10,134,0.08208955223880597,0.022388059701492536,0.05223880597014925,0.03731343283582089,0.07462686567164178,0.06716417910447761,0.05970149253731343,0.022388059701492536,0.029850746268656716,0.029850746268656716,0.007462686567164179,0.014925373134328358,0.029850746268656716,0.09701492537313433,0.0,0.05223880597014925,0.014925373134328358,0.04477611940298507,0.06716417910447761,0.05970149253731343,0.05970149253731343,0.07462686567164178,Evelyn Suarez,0.09701492537313433
75051,75051,100,1,3,1,1,2,3,3,0,0,2,2,1,3,3,0,4,4,4,5,4,4,2,52,0.019230769230769232,0.057692307692307696,0.019230769230769232,0.019230769230769232,0.038461538461538464,0.057692307692307696,0.057692307692307696,0.0,0.0,0.038461538461538464,0.038461538461538464,0.019230769230769232,0.057692307692307696,0.057692307692307696,0.0,0.07692307692307693,0.07692307692307693,0.07692307692307693,0.09615384615384616,0.07692307692307693,0.07692307692307693,0.038461538461538464,Judy Richheimer,0.09615384615384616
75052,75052,100,17,9,15,9,16,18,21,7,8,9,11,11,8,18,0,20,4,16,16,19,16,16,284,0.05985915492957746,0.03169014084507042,0.0528169014084507,0.03169014084507042,0.056338028169014086,0.06338028169014084,0.07394366197183098,0.02464788732394366,0.028169014084507043,0.03169014084507042,0.03873239436619718,0.03873239436619718,0.028169014084507043,0.06338028169014084,0.0,0.07042253521126761,0.014084507042253521,0.056338028169014086,0.056338028169014086,0.06690140845070422,0.056338028169014086,0.056338028169014086,Emily J. Goodman,0.07394366197183098
75053,75053,100,12,8,11,9,13,14,20,6,6,5,8,9,8,17,0,15,6,7,16,15,19,17,241,0.04979253112033195,0.03319502074688797,0.04564315352697095,0.03734439834024896,0.05394190871369295,0.058091286307053944,0.08298755186721991,0.024896265560165973,0.024896265560165973,0.02074688796680498,0.03319502074688797,0.03734439834024896,0.03319502074688797,0.07053941908713693,0.0,0.06224066390041494,0.024896265560165973,0.029045643153526972,0.06639004149377593,0.06224066390041494,0.07883817427385892,0.07053941908713693,Emily J. Goodman,0.08298755186721991
75054,75054,100,3,6,2,2,5,4,4,2,2,2,3,4,3,5,0,3,3,4,5,3,4,6,75,0.04,0.08,0.02666666666666667,0.02666666666666667,0.06666666666666667,0.05333333333333334,0.05333333333333334,0.02666666666666667,0.02666666666666667,0.02666666666666667,0.04,0.05333333333333334,0.04,0.06666666666666667,0.0,0.04,0.04,0.05333333333333334,0.06666666666666667,0.04,0.05333333333333334,0.08,Tie,0.08
75055,75055,100,11,6,13,10,7,8,12,10,12,12,8,8,11,3,0,8,9,11,8,7,10,8,192,0.057291666666666664,0.03125,0.06770833333333333,0.052083333333333336,0.036458333333333336,0.041666666666666664,0.0625,0.052083333333333336,0.0625,0.0625,0.041666666666666664,0.041666666666666664,0.057291666666666664,0.015625,0.0,0.041666666666666664,0.046875,0.057291666666666664,0.041666666666666664,0.036458333333333336,0.052083333333333336,0.041666666666666664,Mary D'Elia,0.06770833333333333
75056,75056,100,29,20,24,11,29,34,40,9,11,14,17,19,23,24,0,30,17,15,37,23,28,25,479,0.060542797494780795,0.04175365344467641,0.05010438413361169,0.022964509394572025,0.060542797494780795,0.0709812108559499,0.08350730688935282,0.018789144050104383,0.022964509394572025,0.029227557411273485,0.03549060542797495,0.03966597077244259,0.04801670146137787,0.05010438413361169,0.0,0.06263048016701461,0.03549060542797495,0.031315240083507306,0.07724425887265135,0.04801670146137787,0.05845511482254697,0.05219206680584551,Emily J. Goodman,0.08350730688935282
75057,75057,100,8,3,7,4,7,9,11,5,4,4,2,4,5,8,0,7,4,6,9,8,10,10,135,0.05925925925925926,0.022222222222222223,0.05185185185185185,0.02962962962962963,0.05185185185185185,0.06666666666666667,0.08148148148148149,0.037037037037037035,0.02962962962962963,0.02962962962962963,0.014814814814814815,0.02962962962962963,0.037037037037037035,0.05925925925925926,0.0,0.05185185185185185,0.02962962962962963,0.044444444444444446,0.06666666666666667,0.05925925925925926,0.07407407407407407,0.07407407407407407,Emily J. Goodman,0.08148148148148149
75058,75058,100,9,5,10,3,11,8,12,4,4,3,5,6,5,11,0,9,5,7,12,10,10,9,158,0.056962025316455694,0.03164556962025317,0.06329113924050633,0.0189873417721519,0.06962025316455696,0.05063291139240506,0.0759493670886076,0.02531645569620253,0.02531645569620253,0.0189873417721519,0.03164556962025317,0.0379746835443038,0.03164556962025317,0.06962025316455696,0.0,0.056962025316455694,0.03164556962025317,0.04430379746835443,0.0759493670886076,0.06329113924050633,0.06329113924050633,0.056962025316455694,Tie,0.0759493670886076
75059,75059,100,0,0,0,0,0,0,0,0,0,0,0,0,0,0,0,0,0,0,0,0,0,0,0,0,0,0,0,0,0,0,0,0,0,0,0,0,0,0,0,0,0,0,0,0,0,n/a,0
75060,75060,100,0,0,0,0,0,0,0,0,0,0,0,0,0,0,0,0,0,0,0,0,0,0,0,0,0,0,0,0,0,0,0,0,0,0,0,0,0,0,0,0,0,0,0,0,0,n/a,0
75061,75060,100,0,0,0,0,0,0,0,0,0,0,0,0,0,0,0,0,0,0,0,0,0,0,0,0,0,0,0,0,0,0,0,0,0,0,0,0,0,0,0,0,0,0,0,0,0,n/a,0
75062,75062,100,13,14,22,12,20,11,24,8,14,13,12,18,15,18,2,11,11,17,17,14,17,18,321,0.040498442367601244,0.04361370716510903,0.06853582554517133,0.037383177570093455,0.06230529595015576,0.03426791277258567,0.07476635514018691,0.024922118380062305,0.04361370716510903,0.040498442367601244,0.037383177570093455,0.056074766355140186,0.04672897196261682,0.056074766355140186,0.006230529595015576,0.03426791277258567,0.03426791277258567,0.0529595015576324,0.0529595015576324,0.04361370716510903,0.0529595015576324,0.056074766355140186,Emily J. Goodman,0.07476635514018691
75063,75063,100,17,13,20,13,20,16,23,13,14,11,15,16,10,20,2,17,14,14,17,18,18,18,339,0.05014749262536873,0.038348082595870206,0.058997050147492625,0.038348082595870206,0.058997050147492625,0.0471976401179941,0.06784660766961652,0.038348082595870206,0.04129793510324484,0.032448377581120944,0.04424778761061947,0.0471976401179941,0.029498525073746312,0.058997050147492625,0.0058997050147492625,0.05014749262536873,0.04129793510324484,0.04129793510324484,0.05014749262536873,0.05309734513274336,0.05309734513274336,0.05309734513274336,Emily J. Goodman,0.06784660766961652
75064,75064,100,14,15,12,15,19,15,19,12,14,13,17,16,13,19,3,19,12,16,20,14,13,19,329,0.0425531914893617,0.04559270516717325,0.0364741641337386,0.04559270516717325,0.057750759878419454,0.04559270516717325,0.057750759878419454,0.0364741641337386,0.0425531914893617,0.03951367781155015,0.05167173252279635,0.0486322188449848,0.03951367781155015,0.057750759878419454,0.00911854103343465,0.057750759878419454,0.0364741641337386,0.0486322188449848,0.060790273556231005,0.0425531914893617,0.03951367781155015,0.057750759878419454,Judy Richheimer,0.060790273556231005
75078,75078,100,15,5,19,10,10,13,24,11,13,15,5,7,13,14,0,11,9,19,12,8,18,16,267,0.056179775280898875,0.018726591760299626,0.07116104868913857,0.03745318352059925,0.03745318352059925,0.04868913857677903,0.0898876404494382,0.04119850187265917,0.04868913857677903,0.056179775280898875,0.018726591760299626,0.026217228464419477,0.04868913857677903,0.052434456928838954,0.0,0.04119850187265917,0.033707865168539325,0.07116104868913857,0.0449438202247191,0.0299625468164794,0.06741573033707865,0.0599250936329588,Emily J. Goodman,0.0898876404494382
75065,75078,100,0,0,0,0,0,0,0,0,0,0,0,0,0,0,0,0,0,0,0,0,0,0,0,0,0,0,0,0,0,0,0,0,0,0,0,0,0,0,0,0,0,0,0,0,0,n/a,0
75066,75066,100,9,2,6,5,3,2,9,5,5,5,1,1,8,2,0,4,8,6,3,3,8,2,97,0.09278350515463918,0.020618556701030927,0.061855670103092786,0.05154639175257732,0.030927835051546393,0.020618556701030927,0.09278350515463918,0.05154639175257732,0.05154639175257732,0.05154639175257732,0.010309278350515464,0.010309278350515464,0.08247422680412371,0.020618556701030927,0.0,0.041237113402061855,0.08247422680412371,0.061855670103092786,0.030927835051546393,0.030927835051546393,0.08247422680412371,0.020618556701030927,Tie,0.09278350515463918
75067,75067,100,11,4,11,8,10,8,11,7,6,7,5,5,6,9,1,9,7,10,12,8,11,10,176,0.0625,0.022727272727272728,0.0625,0.045454545454545456,0.056818181818181816,0.045454545454545456,0.0625,0.03977272727272727,0.03409090909090909,0.03977272727272727,0.028409090909090908,0.028409090909090908,0.03409090909090909,0.05113636363636364,0.005681818181818182,0.05113636363636364,0.03977272727272727,0.056818181818181816,0.06818181818181818,0.045454545454545456,0.0625,0.056818181818181816,Judy Richheimer,0.06818181818181818
75068,75068,100,4,0,3,2,1,1,3,2,2,2,0,0,2,1,0,3,2,2,2,1,3,1,37,0.10810810810810811,0.0,0.08108108108108109,0.05405405405405406,0.02702702702702703,0.02702702702702703,0.08108108108108109,0.05405405405405406,0.05405405405405406,0.05405405405405406,0.0,0.0,0.05405405405405406,0.02702702702702703,0.0,0.08108108108108109,0.05405405405405406,0.05405405405405406,0.05405405405405406,0.02702702702702703,0.08108108108108109,0.02702702702702703,Amy Kalm,0.10810810810810811
75069,75069,100,8,4,7,4,14,7,14,6,6,4,7,7,6,13,0,10,5,6,11,10,8,13,170,0.047058823529411764,0.023529411764705882,0.041176470588235294,0.023529411764705882,0.08235294117647059,0.041176470588235294,0.08235294117647059,0.03529411764705882,0.03529411764705882,0.023529411764705882,0.041176470588235294,0.041176470588235294,0.03529411764705882,0.07647058823529412,0.0,0.058823529411764705,0.029411764705882353,0.03529411764705882,0.06470588235294118,0.058823529411764705,0.047058823529411764,0.07647058823529412,Tie,0.08235294117647059
75070,75070,100,24,11,22,13,22,21,28,14,15,18,8,10,17,23,1,18,14,17,20,16,25,21,378,0.06349206349206349,0.0291005291005291,0.0582010582010582,0.03439153439153439,0.0582010582010582,0.05555555555555555,0.07407407407407407,0.037037037037037035,0.03968253968253968,0.047619047619047616,0.021164021164021163,0.026455026455026454,0.04497354497354497,0.06084656084656084,0.0026455026455026454,0.047619047619047616,0.037037037037037035,0.04497354497354497,0.05291005291005291,0.042328042328042326,0.06613756613756613,0.05555555555555555,Emily J. Goodman,0.07407407407407407
75071,75071,100,84,39,86,53,78,72,95,42,50,52,28,46,52,78,2,66,43,62,79,65,86,84,1342,0.06259314456035768,0.029061102831594635,0.06408345752608048,0.039493293591654245,0.05812220566318927,0.05365126676602087,0.07078986587183309,0.03129657228017884,0.037257824143070044,0.038748137108792845,0.020864381520119227,0.03427719821162444,0.038748137108792845,0.05812220566318927,0.0014903129657228018,0.04918032786885246,0.03204172876304024,0.046199701937406856,0.05886736214605067,0.04843517138599106,0.06408345752608048,0.06259314456035768,Emily J. Goodman,0.07078986587183309
75072,75072,100,106,53,110,60,97,98,132,59,68,78,43,62,73,101,11,73,69,97,107,80,113,92,1782,0.05948372615039282,0.02974186307519641,0.06172839506172839,0.03367003367003367,0.05443322109988777,0.05499438832772166,0.07407407407407407,0.03310886644219978,0.038159371492704826,0.04377104377104377,0.024130190796857465,0.03479236812570146,0.0409652076318743,0.05667789001122334,0.006172839506172839,0.0409652076318743,0.03872053872053872,0.05443322109988777,0.06004489337822671,0.04489337822671156,0.06341189674523008,0.051627384960718295,Emily J. Goodman,0.07407407407407407
75073,75073,100,11,5,11,7,9,9,15,8,10,10,4,4,9,10,0,7,9,8,13,9,12,10,190,0.05789473684210526,0.02631578947368421,0.05789473684210526,0.03684210526315789,0.04736842105263158,0.04736842105263158,0.07894736842105263,0.042105263157894736,0.05263157894736842,0.05263157894736842,0.021052631578947368,0.021052631578947368,0.04736842105263158,0.05263157894736842,0.0,0.03684210526315789,0.04736842105263158,0.042105263157894736,0.06842105263157895,0.04736842105263158,0.06315789473684211,0.05263157894736842,Emily J. Goodman,0.07894736842105263
75074,75074,100,17,8,18,13,14,15,21,12,15,18,8,10,16,16,5,10,12,19,13,10,18,19,307,0.05537459283387622,0.026058631921824105,0.05863192182410423,0.04234527687296417,0.04560260586319218,0.048859934853420196,0.06840390879478828,0.03908794788273615,0.048859934853420196,0.05863192182410423,0.026058631921824105,0.03257328990228013,0.05211726384364821,0.05211726384364821,0.016286644951140065,0.03257328990228013,0.03908794788273615,0.06188925081433225,0.04234527687296417,0.03257328990228013,0.05863192182410423,0.06188925081433225,Emily J. Goodman,0.06840390879478828
75075,75075,100,9,7,12,8,7,10,16,7,11,14,8,7,9,11,0,7,9,12,8,8,14,10,204,0.04411764705882353,0.03431372549019608,0.058823529411764705,0.0392156862745098,0.03431372549019608,0.049019607843137254,0.0784313725490196,0.03431372549019608,0.05392156862745098,0.06862745098039216,0.0392156862745098,0.03431372549019608,0.04411764705882353,0.05392156862745098,0.0,0.03431372549019608,0.04411764705882353,0.058823529411764705,0.0392156862745098,0.0392156862745098,0.06862745098039216,0.049019607843137254,Emily J. Goodman,0.0784313725490196
75076,75076,100,7,9,9,6,9,9,16,8,12,13,9,8,6,10,0,6,9,15,12,6,8,11,198,0.03535353535353535,0.045454545454545456,0.045454545454545456,0.030303030303030304,0.045454545454545456,0.045454545454545456,0.08080808080808081,0.04040404040404041,0.06060606060606061,0.06565656565656566,0.045454545454545456,0.04040404040404041,0.030303030303030304,0.050505050505050504,0.0,0.030303030303030304,0.045454545454545456,0.07575757575757576,0.06060606060606061,0.030303030303030304,0.04040404040404041,0.05555555555555555,Emily J. Goodman,0.08080808080808081
75077,75077,100,6,5,3,1,6,3,5,2,5,6,4,3,4,6,0,4,4,3,6,4,7,7,94,0.06382978723404255,0.05319148936170213,0.031914893617021274,0.010638297872340425,0.06382978723404255,0.031914893617021274,0.05319148936170213,0.02127659574468085,0.05319148936170213,0.06382978723404255,0.0425531914893617,0.031914893617021274,0.0425531914893617,0.06382978723404255,0.0,0.0425531914893617,0.0425531914893617,0.031914893617021274,0.06382978723404255,0.0425531914893617,0.07446808510638298,0.07446808510638298,Tie,0.07446808510638298
75079,75079,100,14,9,16,11,18,10,16,10,10,15,7,9,11,17,1,11,13,12,18,8,17,17,270,0.05185185185185185,0.03333333333333333,0.05925925925925926,0.040740740740740744,0.06666666666666667,0.037037037037037035,0.05925925925925926,0.037037037037037035,0.037037037037037035,0.05555555555555555,0.025925925925925925,0.03333333333333333,0.040740740740740744,0.06296296296296296,0.003703703703703704,0.040740740740740744,0.04814814814814815,0.044444444444444446,0.06666666666666667,0.02962962962962963,0.06296296296296296,0.06296296296296296,Tie,0.06666666666666667
75080,75080,100,23,11,27,14,23,16,33,12,17,19,13,14,14,24,10,19,14,20,23,17,27,25,415,0.05542168674698795,0.02650602409638554,0.06506024096385542,0.033734939759036145,0.05542168674698795,0.03855421686746988,0.07951807228915662,0.02891566265060241,0.04096385542168675,0.04578313253012048,0.03132530120481928,0.033734939759036145,0.033734939759036145,0.05783132530120482,0.024096385542168676,0.04578313253012048,0.033734939759036145,0.04819277108433735,0.05542168674698795,0.04096385542168675,0.06506024096385542,0.060240963855421686,Emily J. Goodman,0.07951807228915662
75081,75081,100,9,4,10,7,9,8,10,7,12,13,3,7,7,11,13,5,5,10,9,6,10,10,185,0.04864864864864865,0.021621621621621623,0.05405405405405406,0.03783783783783784,0.04864864864864865,0.043243243243243246,0.05405405405405406,0.03783783783783784,0.06486486486486487,0.07027027027027027,0.016216216216216217,0.03783783783783784,0.03783783783783784,0.05945945945945946,0.07027027027027027,0.02702702702702703,0.02702702702702703,0.05405405405405406,0.04864864864864865,0.032432432432432434,0.05405405405405406,0.05405405405405406,Tie,0.07027027027027027
75082,75082,100,17,4,21,15,19,12,20,7,13,11,5,8,11,19,0,9,10,18,21,13,18,18,289,0.058823529411764705,0.01384083044982699,0.0726643598615917,0.05190311418685121,0.0657439446366782,0.04152249134948097,0.06920415224913495,0.02422145328719723,0.04498269896193772,0.03806228373702422,0.01730103806228374,0.02768166089965398,0.03806228373702422,0.0657439446366782,0.0,0.031141868512110725,0.03460207612456748,0.06228373702422145,0.0726643598615917,0.04498269896193772,0.06228373702422145,0.06228373702422145,Tie,0.0726643598615917
75083,75083,100,21,11,41,18,19,16,22,18,26,39,10,12,17,21,0,12,15,21,11,13,21,22,406,0.05172413793103448,0.027093596059113302,0.10098522167487685,0.04433497536945813,0.046798029556650245,0.03940886699507389,0.054187192118226604,0.04433497536945813,0.06403940886699508,0.0960591133004926,0.024630541871921183,0.029556650246305417,0.04187192118226601,0.05172413793103448,0.0,0.029556650246305417,0.03694581280788178,0.05172413793103448,0.027093596059113302,0.03201970443349754,0.05172413793103448,0.054187192118226604,Mary D'Elia,0.10098522167487685
75084,75084,100,20,4,24,14,8,9,22,13,15,18,5,6,15,12,8,10,13,17,9,10,21,12,285,0.07017543859649122,0.014035087719298246,0.08421052631578947,0.04912280701754386,0.028070175438596492,0.031578947368421054,0.07719298245614035,0.0456140350877193,0.05263157894736842,0.06315789473684211,0.017543859649122806,0.021052631578947368,0.05263157894736842,0.042105263157894736,0.028070175438596492,0.03508771929824561,0.0456140350877193,0.05964912280701754,0.031578947368421054,0.03508771929824561,0.07368421052631578,0.042105263157894736,Mary D'Elia,0.08421052631578947
75085,75085,100,13,4,14,10,11,6,13,10,10,14,5,5,13,11,2,9,10,13,10,5,13,13,214,0.06074766355140187,0.018691588785046728,0.06542056074766354,0.04672897196261682,0.0514018691588785,0.028037383177570093,0.06074766355140187,0.04672897196261682,0.04672897196261682,0.06542056074766354,0.02336448598130841,0.02336448598130841,0.06074766355140187,0.0514018691588785,0.009345794392523364,0.04205607476635514,0.04672897196261682,0.06074766355140187,0.04672897196261682,0.02336448598130841,0.06074766355140187,0.06074766355140187,Tie,0.06542056074766354
75086,75086,100,7,4,6,5,6,3,8,5,7,6,2,3,8,4,0,5,7,9,4,3,9,4,115,0.06086956521739131,0.034782608695652174,0.05217391304347826,0.043478260869565216,0.05217391304347826,0.02608695652173913,0.06956521739130435,0.043478260869565216,0.06086956521739131,0.05217391304347826,0.017391304347826087,0.02608695652173913,0.06956521739130435,0.034782608695652174,0.0,0.043478260869565216,0.06086956521739131,0.0782608695652174,0.034782608695652174,0.02608695652173913,0.0782608695652174,0.034782608695652174,Tie,0.0782608695652174
75087,75087,100,13,4,13,7,8,8,14,6,8,7,2,4,10,9,0,9,10,13,9,8,14,7,183,0.07103825136612021,0.02185792349726776,0.07103825136612021,0.03825136612021858,0.04371584699453552,0.04371584699453552,0.07650273224043716,0.03278688524590164,0.04371584699453552,0.03825136612021858,0.01092896174863388,0.02185792349726776,0.0546448087431694,0.04918032786885246,0.0,0.04918032786885246,0.0546448087431694,0.07103825136612021,0.04918032786885246,0.04371584699453552,0.07650273224043716,0.03825136612021858,Tie,0.07650273224043716
75088,75088,100,15,12,15,7,13,16,17,6,8,11,9,10,12,16,0,13,11,13,15,11,15,12,257,0.058365758754863814,0.04669260700389105,0.058365758754863814,0.027237354085603113,0.05058365758754864,0.0622568093385214,0.06614785992217899,0.023346303501945526,0.0311284046692607,0.042801556420233464,0.03501945525291829,0.038910505836575876,0.04669260700389105,0.0622568093385214,0.0,0.05058365758754864,0.042801556420233464,0.05058365758754864,0.058365758754863814,0.042801556420233464,0.058365758754863814,0.04669260700389105,Emily J. Goodman,0.06614785992217899
75089,75089,100,6,7,7,4,8,8,12,2,1,2,5,5,7,6,0,7,7,9,8,6,10,6,133,0.045112781954887216,0.05263157894736842,0.05263157894736842,0.03007518796992481,0.06015037593984962,0.06015037593984962,0.09022556390977443,0.015037593984962405,0.007518796992481203,0.015037593984962405,0.03759398496240601,0.03759398496240601,0.05263157894736842,0.045112781954887216,0.0,0.05263157894736842,0.05263157894736842,0.06766917293233082,0.06015037593984962,0.045112781954887216,0.07518796992481203,0.045112781954887216,Emily J. Goodman,0.09022556390977443
75090,75090,100,6,2,6,4,4,6,7,3,3,5,2,1,5,5,0,4,6,10,5,5,8,4,101,0.0594059405940594,0.019801980198019802,0.0594059405940594,0.039603960396039604,0.039603960396039604,0.0594059405940594,0.06930693069306931,0.0297029702970297,0.0297029702970297,0.04950495049504951,0.019801980198019802,0.009900990099009901,0.04950495049504951,0.04950495049504951,0.0,0.039603960396039604,0.0594059405940594,0.09900990099009901,0.04950495049504951,0.04950495049504951,0.07920792079207921,0.039603960396039604,Ronnie M. Eldridge,0.09900990099009901
75091,75091,100,17,10,10,10,8,8,21,9,8,11,6,8,18,7,1,8,13,12,16,10,14,12,237,0.07172995780590717,0.04219409282700422,0.04219409282700422,0.04219409282700422,0.03375527426160337,0.03375527426160337,0.08860759493670886,0.0379746835443038,0.03375527426160337,0.046413502109704644,0.02531645569620253,0.03375527426160337,0.0759493670886076,0.029535864978902954,0.004219409282700422,0.03375527426160337,0.05485232067510549,0.05063291139240506,0.06751054852320675,0.04219409282700422,0.05907172995780591,0.05063291139240506,Emily J. Goodman,0.08860759493670886
75092,75092,100,23,13,16,11,11,13,29,13,7,9,6,6,21,12,0,11,19,17,22,10,24,14,307,0.0749185667752443,0.04234527687296417,0.05211726384364821,0.035830618892508145,0.035830618892508145,0.04234527687296417,0.09446254071661238,0.04234527687296417,0.02280130293159609,0.029315960912052116,0.019543973941368076,0.019543973941368076,0.06840390879478828,0.03908794788273615,0.0,0.035830618892508145,0.06188925081433225,0.05537459283387622,0.07166123778501629,0.03257328990228013,0.0781758957654723,0.04560260586319218,Emily J. Goodman,0.09446254071661238
75093,75085,100,0,0,0,0,0,0,0,0,0,0,0,0,0,0,0,0,0,0,0,0,0,0,0,0,0,0,0,0,0,0,0,0,0,0,0,0,0,0,0,0,0,0,0,0,0,n/a,0
75094,75094,100,18,11,15,7,10,14,26,9,8,8,8,10,14,11,0,15,17,20,24,16,20,12,293,0.06143344709897611,0.03754266211604096,0.051194539249146756,0.023890784982935155,0.034129692832764506,0.04778156996587031,0.08873720136518772,0.030716723549488054,0.027303754266211604,0.027303754266211604,0.027303754266211604,0.034129692832764506,0.04778156996587031,0.03754266211604096,0.0,0.051194539249146756,0.05802047781569966,0.06825938566552901,0.08191126279863481,0.05460750853242321,0.06825938566552901,0.040955631399317405,Emily J. Goodman,0.08873720136518772
75095,75095,100,30,21,22,12,20,22,38,15,17,22,10,11,28,21,0,22,22,29,35,17,31,20,465,0.06451612903225806,0.04516129032258064,0.047311827956989246,0.025806451612903226,0.043010752688172046,0.047311827956989246,0.08172043010752689,0.03225806451612903,0.03655913978494624,0.047311827956989246,0.021505376344086023,0.023655913978494623,0.060215053763440864,0.04516129032258064,0.0,0.047311827956989246,0.047311827956989246,0.06236559139784946,0.07526881720430108,0.03655913978494624,0.06666666666666667,0.043010752688172046,Emily J. Goodman,0.08172043010752689
75096,75096,100,29,11,29,19,18,19,34,17,16,19,11,12,21,16,0,17,19,29,20,17,28,22,423,0.06855791962174941,0.026004728132387706,0.06855791962174941,0.04491725768321513,0.0425531914893617,0.04491725768321513,0.08037825059101655,0.04018912529550828,0.037825059101654845,0.04491725768321513,0.026004728132387706,0.028368794326241134,0.04964539007092199,0.037825059101654845,0.0,0.04018912529550828,0.04491725768321513,0.06855791962174941,0.04728132387706856,0.04018912529550828,0.06619385342789598,0.05200945626477541,Emily J. Goodman,0.08037825059101655
75097,75097,100,29,27,18,15,22,32,43,10,9,15,14,16,30,22,0,26,25,40,37,27,38,23,518,0.055984555984555984,0.052123552123552123,0.03474903474903475,0.02895752895752896,0.04247104247104247,0.06177606177606178,0.08301158301158301,0.019305019305019305,0.017374517374517374,0.02895752895752896,0.02702702702702703,0.03088803088803089,0.05791505791505792,0.04247104247104247,0.0,0.05019305019305019,0.04826254826254826,0.07722007722007722,0.07142857142857142,0.052123552123552123,0.07335907335907337,0.0444015444015444,Emily J. Goodman,0.08301158301158301
75098,75098,100,16,6,15,12,15,12,21,10,11,13,8,10,10,11,0,10,10,22,13,12,16,13,266,0.06015037593984962,0.022556390977443608,0.05639097744360902,0.045112781954887216,0.05639097744360902,0.045112781954887216,0.07894736842105263,0.03759398496240601,0.041353383458646614,0.04887218045112782,0.03007518796992481,0.03759398496240601,0.03759398496240601,0.041353383458646614,0.0,0.03759398496240601,0.03759398496240601,0.08270676691729323,0.04887218045112782,0.045112781954887216,0.06015037593984962,0.04887218045112782,Ronnie M. Eldridge,0.08270676691729323
75099,75099,100,30,14,26,18,27,22,37,12,14,15,10,13,19,27,0,26,14,34,26,22,30,27,463,0.06479481641468683,0.03023758099352052,0.056155507559395246,0.038876889848812095,0.058315334773218146,0.047516198704103674,0.07991360691144708,0.02591792656587473,0.03023758099352052,0.032397408207343416,0.02159827213822894,0.028077753779697623,0.04103671706263499,0.058315334773218146,0.0,0.056155507559395246,0.03023758099352052,0.0734341252699784,0.056155507559395246,0.047516198704103674,0.06479481641468683,0.058315334773218146,Emily J. Goodman,0.07991360691144708
75100,75100,100,24,12,24,16,23,24,29,16,14,16,8,11,16,22,0,14,15,28,22,14,21,17,386,0.06217616580310881,0.031088082901554404,0.06217616580310881,0.04145077720207254,0.05958549222797927,0.06217616580310881,0.07512953367875648,0.04145077720207254,0.03626943005181347,0.04145077720207254,0.02072538860103627,0.02849740932642487,0.04145077720207254,0.05699481865284974,0.0,0.03626943005181347,0.038860103626943004,0.07253886010362694,0.05699481865284974,0.03626943005181347,0.054404145077720206,0.04404145077720207,Emily J. Goodman,0.07512953367875648
75101,75100,100,0,0,0,0,0,0,0,0,0,0,0,0,0,0,0,0,0,0,0,0,0,0,0,0,0,0,0,0,0,0,0,0,0,0,0,0,0,0,0,0,0,0,0,0,0,n/a,0
75102,75102,100,10,7,9,6,9,8,13,5,7,5,6,5,7,10,0,9,8,8,9,7,12,11,171,0.05847953216374269,0.04093567251461988,0.05263157894736842,0.03508771929824561,0.05263157894736842,0.04678362573099415,0.07602339181286549,0.029239766081871343,0.04093567251461988,0.029239766081871343,0.03508771929824561,0.029239766081871343,0.04093567251461988,0.05847953216374269,0.0,0.05263157894736842,0.04678362573099415,0.04678362573099415,0.05263157894736842,0.04093567251461988,0.07017543859649122,0.06432748538011696,Emily J. Goodman,0.07602339181286549
75103,75103,100,10,7,10,6,15,11,12,7,11,13,8,7,8,14,0,11,7,9,12,7,8,14,207,0.04830917874396135,0.033816425120772944,0.04830917874396135,0.028985507246376812,0.07246376811594203,0.05314009661835749,0.057971014492753624,0.033816425120772944,0.05314009661835749,0.06280193236714976,0.03864734299516908,0.033816425120772944,0.03864734299516908,0.06763285024154589,0.0,0.05314009661835749,0.033816425120772944,0.043478260869565216,0.057971014492753624,0.033816425120772944,0.03864734299516908,0.06763285024154589,Sylvia E. Di Pietro,0.07246376811594203
75200,75200,100,0,0,0,0,0,0,0,0,0,0,0,0,0,0,0,0,0,0,0,0,0,0,0,0,0,0,0,0,0,0,0,0,0,0,0,0,0,0,0,0,0,0,0,0,0,n/a,0
75201,75201,100,0,0,0,0,0,0,0,0,0,0,0,0,0,0,0,0,0,0,0,0,0,0,0,0,0,0,0,0,0,0,0,0,0,0,0,0,0,0,0,0,0,0,0,0,0,n/a,0
75202,75201,100,0,0,0,0,0,0,0,0,0,0,0,0,0,0,0,0,0,0,0,0,0,0,0,0,0,0,0,0,0,0,0,0,0,0,0,0,0,0,0,0,0,0,0,0,0,n/a,0
75203,75203,100,0,0,0,0,0,0,0,0,0,0,0,0,0,0,0,0,0,0,0,0,0,0,0,0,0,0,0,0,0,0,0,0,0,0,0,0,0,0,0,0,0,0,0,0,0,n/a,0
75204,75203,100,0,0,0,0,0,0,0,0,0,0,0,0,0,0,0,0,0,0,0,0,0,0,0,0,0,0,0,0,0,0,0,0,0,0,0,0,0,0,0,0,0,0,0,0,0,n/a,0
75205,75205,100,0,0,0,0,0,0,0,0,0,0,0,0,0,0,0,0,0,0,0,0,0,0,0,0,0,0,0,0,0,0,0,0,0,0,0,0,0,0,0,0,0,0,0,0,0,n/a,0
