ED,Reported As,Reporting,Maria Hernandez,Rolando D. Infante,Jose Batista,Bethania Cabrera,Margarita Gomez,Emma Brea,Ana Lazala,Jose Garcia,Xiomara Garcia,Joaquina Gopie,Scattered,Francia Vargas,Julio B. Peguero,Ada A. Infante,Rodolfo Garcia,Total Votes,p_Maria Hernandez,p_Rolando D. Infante,p_Jose Batista,p_Bethania Cabrera,p_Margarita Gomez,p_Emma Brea,p_Ana Lazala,p_Jose Garcia,p_Xiomara Garcia,p_Joaquina Gopie,p_Scattered,p_Francia Vargas,p_Julio B. Peguero,p_Ada A. Infante,p_Rodolfo Garcia,winner,winner_p
72001,72001,100,15,4,10,16,15,13,12,7,12,8,9,14,6,6,6,153,0.09803921568627451,0.026143790849673203,0.06535947712418301,0.10457516339869281,0.09803921568627451,0.08496732026143791,0.0784313725490196,0.0457516339869281,0.0784313725490196,0.05228758169934641,0.058823529411764705,0.0915032679738562,0.0392156862745098,0.0392156862745098,0.0392156862745098,Bethania Cabrera,0.10457516339869281
72002,72002,100,8,9,10,11,8,15,9,10,7,9,1,12,8,14,8,139,0.05755395683453238,0.06474820143884892,0.07194244604316546,0.07913669064748201,0.05755395683453238,0.1079136690647482,0.06474820143884892,0.07194244604316546,0.050359712230215826,0.06474820143884892,0.007194244604316547,0.08633093525179857,0.05755395683453238,0.10071942446043165,0.05755395683453238,Emma Brea,0.1079136690647482
72003,72003,100,24,14,24,13,13,15,11,20,13,11,0,15,12,17,8,210,0.11428571428571428,0.06666666666666667,0.11428571428571428,0.06190476190476191,0.06190476190476191,0.07142857142857142,0.05238095238095238,0.09523809523809523,0.06190476190476191,0.05238095238095238,0.0,0.07142857142857142,0.05714285714285714,0.08095238095238096,0.0380952380952381,Tie,0.11428571428571428
72004,72004,100,20,12,25,14,17,12,14,16,11,4,2,20,14,16,6,203,0.09852216748768473,0.059113300492610835,0.12315270935960591,0.06896551724137931,0.08374384236453201,0.059113300492610835,0.06896551724137931,0.07881773399014778,0.054187192118226604,0.019704433497536946,0.009852216748768473,0.09852216748768473,0.06896551724137931,0.07881773399014778,0.029556650246305417,Jose Batista,0.12315270935960591
72005,72005,100,13,4,20,9,12,8,10,6,7,3,7,11,10,7,6,133,0.09774436090225563,0.03007518796992481,0.15037593984962405,0.06766917293233082,0.09022556390977443,0.06015037593984962,0.07518796992481203,0.045112781954887216,0.05263157894736842,0.022556390977443608,0.05263157894736842,0.08270676691729323,0.07518796992481203,0.05263157894736842,0.045112781954887216,Jose Batista,0.15037593984962405
72006,72006,100,25,10,22,9,22,9,12,17,12,9,0,18,11,12,10,198,0.12626262626262627,0.050505050505050504,0.1111111111111111,0.045454545454545456,0.1111111111111111,0.045454545454545456,0.06060606060606061,0.08585858585858586,0.06060606060606061,0.045454545454545456,0.0,0.09090909090909091,0.05555555555555555,0.06060606060606061,0.050505050505050504,Maria Hernandez,0.12626262626262627
72007,72007,100,15,6,13,13,16,5,16,17,14,4,0,17,15,11,6,168,0.08928571428571429,0.03571428571428571,0.07738095238095238,0.07738095238095238,0.09523809523809523,0.02976190476190476,0.09523809523809523,0.10119047619047619,0.08333333333333333,0.023809523809523808,0.0,0.10119047619047619,0.08928571428571429,0.06547619047619048,0.03571428571428571,Tie,0.10119047619047619
72008,72008,100,12,10,12,7,11,8,7,9,9,4,3,11,5,11,8,127,0.09448818897637795,0.07874015748031496,0.09448818897637795,0.05511811023622047,0.08661417322834646,0.06299212598425197,0.05511811023622047,0.07086614173228346,0.07086614173228346,0.031496062992125984,0.023622047244094488,0.08661417322834646,0.03937007874015748,0.08661417322834646,0.06299212598425197,Tie,0.09448818897637795
72009,72009,100,10,12,23,7,11,7,6,11,10,5,0,19,8,13,9,151,0.06622516556291391,0.07947019867549669,0.152317880794702,0.046357615894039736,0.0728476821192053,0.046357615894039736,0.039735099337748346,0.0728476821192053,0.06622516556291391,0.033112582781456956,0.0,0.12582781456953643,0.052980132450331126,0.08609271523178808,0.059602649006622516,Jose Batista,0.152317880794702
72010,72010,100,9,11,15,5,7,6,3,5,5,4,2,13,7,12,9,113,0.07964601769911504,0.09734513274336283,0.13274336283185842,0.04424778761061947,0.061946902654867256,0.05309734513274336,0.02654867256637168,0.04424778761061947,0.04424778761061947,0.035398230088495575,0.017699115044247787,0.11504424778761062,0.061946902654867256,0.10619469026548672,0.07964601769911504,Jose Batista,0.13274336283185842
72011,72011,100,8,5,9,9,7,5,5,7,6,3,2,8,6,11,7,98,0.08163265306122448,0.05102040816326531,0.09183673469387756,0.09183673469387756,0.07142857142857142,0.05102040816326531,0.05102040816326531,0.07142857142857142,0.061224489795918366,0.030612244897959183,0.02040816326530612,0.08163265306122448,0.061224489795918366,0.11224489795918367,0.07142857142857142,Ada A. Infante,0.11224489795918367
72012,72012,100,12,5,14,10,10,7,11,12,11,4,0,11,11,10,7,135,0.08888888888888889,0.037037037037037035,0.1037037037037037,0.07407407407407407,0.07407407407407407,0.05185185185185185,0.08148148148148149,0.08888888888888889,0.08148148148148149,0.02962962962962963,0.0,0.08148148148148149,0.08148148148148149,0.07407407407407407,0.05185185185185185,Jose Batista,0.1037037037037037
72013,72013,100,14,11,19,10,15,13,5,9,16,8,0,17,8,11,12,168,0.08333333333333333,0.06547619047619048,0.1130952380952381,0.05952380952380952,0.08928571428571429,0.07738095238095238,0.02976190476190476,0.05357142857142857,0.09523809523809523,0.047619047619047616,0.0,0.10119047619047619,0.047619047619047616,0.06547619047619048,0.07142857142857142,Jose Batista,0.1130952380952381
72014,72014,100,25,8,28,11,19,12,14,16,14,6,0,22,18,18,11,222,0.11261261261261261,0.036036036036036036,0.12612612612612611,0.04954954954954955,0.08558558558558559,0.05405405405405406,0.06306306306306306,0.07207207207207207,0.06306306306306306,0.02702702702702703,0.0,0.0990990990990991,0.08108108108108109,0.08108108108108109,0.04954954954954955,Jose Batista,0.12612612612612611
72015,72015,100,11,6,12,12,10,11,10,13,11,5,1,20,11,11,7,151,0.0728476821192053,0.039735099337748346,0.07947019867549669,0.07947019867549669,0.06622516556291391,0.0728476821192053,0.06622516556291391,0.08609271523178808,0.0728476821192053,0.033112582781456956,0.006622516556291391,0.13245033112582782,0.0728476821192053,0.0728476821192053,0.046357615894039736,Francia Vargas,0.13245033112582782
72016,72016,100,13,5,18,7,8,8,10,8,7,3,0,18,9,10,5,129,0.10077519379844961,0.03875968992248062,0.13953488372093023,0.05426356589147287,0.06201550387596899,0.06201550387596899,0.07751937984496124,0.06201550387596899,0.05426356589147287,0.023255813953488372,0.0,0.13953488372093023,0.06976744186046512,0.07751937984496124,0.03875968992248062,Tie,0.13953488372093023
72017,72017,100,19,12,24,10,15,9,9,10,12,6,1,19,12,13,15,186,0.10215053763440861,0.06451612903225806,0.12903225806451613,0.053763440860215055,0.08064516129032258,0.04838709677419355,0.04838709677419355,0.053763440860215055,0.06451612903225806,0.03225806451612903,0.005376344086021506,0.10215053763440861,0.06451612903225806,0.06989247311827956,0.08064516129032258,Jose Batista,0.12903225806451613
72018,72018,100,23,7,9,19,20,11,17,17,17,8,0,20,21,10,8,207,0.1111111111111111,0.033816425120772944,0.043478260869565216,0.09178743961352658,0.0966183574879227,0.05314009661835749,0.0821256038647343,0.0821256038647343,0.0821256038647343,0.03864734299516908,0.0,0.0966183574879227,0.10144927536231885,0.04830917874396135,0.03864734299516908,Maria Hernandez,0.1111111111111111
72019,72019,100,18,10,15,11,13,15,10,10,12,8,0,16,14,14,13,179,0.1005586592178771,0.055865921787709494,0.08379888268156424,0.061452513966480445,0.07262569832402235,0.08379888268156424,0.055865921787709494,0.055865921787709494,0.0670391061452514,0.0446927374301676,0.0,0.0893854748603352,0.0782122905027933,0.0782122905027933,0.07262569832402235,Maria Hernandez,0.1005586592178771
72020,72020,100,25,9,26,12,16,13,13,15,13,11,3,19,12,13,14,214,0.11682242990654206,0.04205607476635514,0.12149532710280374,0.056074766355140186,0.07476635514018691,0.06074766355140187,0.06074766355140187,0.07009345794392523,0.06074766355140187,0.0514018691588785,0.014018691588785047,0.08878504672897196,0.056074766355140186,0.06074766355140187,0.06542056074766354,Jose Batista,0.12149532710280374
72021,72021,100,12,11,22,4,17,11,3,4,6,5,0,12,4,8,13,132,0.09090909090909091,0.08333333333333333,0.16666666666666666,0.030303030303030304,0.12878787878787878,0.08333333333333333,0.022727272727272728,0.030303030303030304,0.045454545454545456,0.03787878787878788,0.0,0.09090909090909091,0.030303030303030304,0.06060606060606061,0.09848484848484848,Jose Batista,0.16666666666666666
72022,72022,100,8,3,19,3,3,5,9,5,3,3,3,10,4,4,8,90,0.08888888888888889,0.03333333333333333,0.2111111111111111,0.03333333333333333,0.03333333333333333,0.05555555555555555,0.1,0.05555555555555555,0.03333333333333333,0.03333333333333333,0.03333333333333333,0.1111111111111111,0.044444444444444446,0.044444444444444446,0.08888888888888889,Jose Batista,0.2111111111111111
72023,72023,100,9,4,10,7,10,7,9,6,7,4,0,12,10,10,9,114,0.07894736842105263,0.03508771929824561,0.08771929824561403,0.06140350877192982,0.08771929824561403,0.06140350877192982,0.07894736842105263,0.05263157894736842,0.06140350877192982,0.03508771929824561,0.0,0.10526315789473684,0.08771929824561403,0.08771929824561403,0.07894736842105263,Francia Vargas,0.10526315789473684
72024,72024,100,15,9,13,11,17,11,8,11,11,3,0,17,7,11,8,152,0.09868421052631579,0.05921052631578947,0.08552631578947369,0.07236842105263158,0.1118421052631579,0.07236842105263158,0.05263157894736842,0.07236842105263158,0.07236842105263158,0.019736842105263157,0.0,0.1118421052631579,0.046052631578947366,0.07236842105263158,0.05263157894736842,Tie,0.1118421052631579
72025,72025,100,8,7,13,7,9,7,6,7,10,6,0,12,7,7,7,113,0.07079646017699115,0.061946902654867256,0.11504424778761062,0.061946902654867256,0.07964601769911504,0.061946902654867256,0.05309734513274336,0.061946902654867256,0.08849557522123894,0.05309734513274336,0.0,0.10619469026548672,0.061946902654867256,0.061946902654867256,0.061946902654867256,Jose Batista,0.11504424778761062
72026,72026,100,14,4,7,12,10,5,10,13,10,5,0,13,13,5,4,125,0.112,0.032,0.056,0.096,0.08,0.04,0.08,0.104,0.08,0.04,0.0,0.104,0.104,0.04,0.032,Maria Hernandez,0.112
72027,72027,100,14,12,19,9,13,12,17,18,13,8,1,15,15,17,15,198,0.0707070707070707,0.06060606060606061,0.09595959595959595,0.045454545454545456,0.06565656565656566,0.06060606060606061,0.08585858585858586,0.09090909090909091,0.06565656565656566,0.04040404040404041,0.005050505050505051,0.07575757575757576,0.07575757575757576,0.08585858585858586,0.07575757575757576,Jose Batista,0.09595959595959595
72028,72028,100,27,18,23,9,18,11,7,8,10,5,0,20,10,17,20,203,0.1330049261083744,0.08866995073891626,0.11330049261083744,0.04433497536945813,0.08866995073891626,0.054187192118226604,0.034482758620689655,0.03940886699507389,0.04926108374384237,0.024630541871921183,0.0,0.09852216748768473,0.04926108374384237,0.08374384236453201,0.09852216748768473,Maria Hernandez,0.1330049261083744
72029,72029,100,23,15,33,19,15,15,13,20,15,16,0,26,12,24,19,265,0.08679245283018867,0.05660377358490566,0.12452830188679245,0.07169811320754717,0.05660377358490566,0.05660377358490566,0.04905660377358491,0.07547169811320754,0.05660377358490566,0.06037735849056604,0.0,0.09811320754716982,0.045283018867924525,0.09056603773584905,0.07169811320754717,Jose Batista,0.12452830188679245
72030,72030,100,17,8,18,9,12,13,7,8,10,8,0,13,9,9,7,148,0.11486486486486487,0.05405405405405406,0.12162162162162163,0.060810810810810814,0.08108108108108109,0.08783783783783784,0.0472972972972973,0.05405405405405406,0.06756756756756757,0.05405405405405406,0.0,0.08783783783783784,0.060810810810810814,0.060810810810810814,0.0472972972972973,Jose Batista,0.12162162162162163
72031,72031,100,35,21,38,18,28,14,19,28,25,9,0,26,20,27,22,330,0.10606060606060606,0.06363636363636363,0.11515151515151516,0.05454545454545454,0.08484848484848485,0.04242424242424243,0.05757575757575758,0.08484848484848485,0.07575757575757576,0.02727272727272727,0.0,0.07878787878787878,0.06060606060606061,0.08181818181818182,0.06666666666666667,Jose Batista,0.11515151515151516
72032,72032,100,33,22,35,17,28,26,17,22,22,15,0,27,23,33,33,353,0.09348441926345609,0.06232294617563739,0.09915014164305949,0.04815864022662889,0.07932011331444759,0.07365439093484419,0.04815864022662889,0.06232294617563739,0.06232294617563739,0.042492917847025496,0.0,0.0764872521246459,0.06515580736543909,0.09348441926345609,0.09348441926345609,Jose Batista,0.09915014164305949
72033,72033,100,17,10,21,14,8,14,13,13,6,9,0,17,11,11,12,176,0.09659090909090909,0.056818181818181816,0.11931818181818182,0.07954545454545454,0.045454545454545456,0.07954545454545454,0.07386363636363637,0.07386363636363637,0.03409090909090909,0.05113636363636364,0.0,0.09659090909090909,0.0625,0.0625,0.06818181818181818,Jose Batista,0.11931818181818182
72034,72034,100,29,19,21,24,24,20,17,20,19,10,0,25,23,18,21,290,0.1,0.06551724137931035,0.07241379310344828,0.08275862068965517,0.08275862068965517,0.06896551724137931,0.05862068965517241,0.06896551724137931,0.06551724137931035,0.034482758620689655,0.0,0.08620689655172414,0.07931034482758621,0.06206896551724138,0.07241379310344828,Maria Hernandez,0.1
72035,72035,100,27,18,31,21,20,17,14,24,18,6,1,27,14,25,23,286,0.0944055944055944,0.06293706293706294,0.10839160839160839,0.07342657342657342,0.06993006993006994,0.05944055944055944,0.04895104895104895,0.08391608391608392,0.06293706293706294,0.02097902097902098,0.0034965034965034965,0.0944055944055944,0.04895104895104895,0.08741258741258741,0.08041958041958042,Jose Batista,0.10839160839160839
72036,72036,100,22,9,17,19,20,18,18,17,15,10,0,23,13,19,13,233,0.0944206008583691,0.03862660944206009,0.07296137339055794,0.0815450643776824,0.08583690987124463,0.07725321888412018,0.07725321888412018,0.07296137339055794,0.06437768240343347,0.04291845493562232,0.0,0.09871244635193133,0.055793991416309016,0.0815450643776824,0.055793991416309016,Francia Vargas,0.09871244635193133
72037,72037,100,12,6,8,9,12,8,10,11,9,5,0,7,8,7,7,119,0.10084033613445378,0.05042016806722689,0.06722689075630252,0.07563025210084033,0.10084033613445378,0.06722689075630252,0.08403361344537816,0.09243697478991597,0.07563025210084033,0.04201680672268908,0.0,0.058823529411764705,0.06722689075630252,0.058823529411764705,0.058823529411764705,Tie,0.10084033613445378
72038,72038,100,13,5,8,17,16,11,15,7,12,9,0,18,4,15,3,153,0.08496732026143791,0.032679738562091505,0.05228758169934641,0.1111111111111111,0.10457516339869281,0.0718954248366013,0.09803921568627451,0.0457516339869281,0.0784313725490196,0.058823529411764705,0.0,0.11764705882352941,0.026143790849673203,0.09803921568627451,0.0196078431372549,Francia Vargas,0.11764705882352941
72039,72039,100,30,25,43,29,32,34,29,23,28,28,0,38,27,39,34,439,0.0683371298405467,0.05694760820045558,0.0979498861047836,0.06605922551252848,0.07289293849658314,0.0774487471526196,0.06605922551252848,0.05239179954441914,0.06378132118451026,0.06378132118451026,0.0,0.08656036446469248,0.06150341685649203,0.0888382687927107,0.0774487471526196,Jose Batista,0.0979498861047836
72040,72040,100,6,6,18,7,8,6,10,9,8,7,1,14,5,11,7,123,0.04878048780487805,0.04878048780487805,0.14634146341463414,0.056910569105691054,0.06504065040650407,0.04878048780487805,0.08130081300813008,0.07317073170731707,0.06504065040650407,0.056910569105691054,0.008130081300813009,0.11382113821138211,0.04065040650406504,0.08943089430894309,0.056910569105691054,Jose Batista,0.14634146341463414
72041,72041,100,45,18,30,26,47,34,29,28,35,23,5,39,33,35,28,455,0.0989010989010989,0.03956043956043956,0.06593406593406594,0.05714285714285714,0.10329670329670329,0.07472527472527472,0.06373626373626373,0.06153846153846154,0.07692307692307693,0.05054945054945055,0.01098901098901099,0.08571428571428572,0.07252747252747253,0.07692307692307693,0.06153846153846154,Margarita Gomez,0.10329670329670329
72042,72042,100,23,13,19,14,17,22,19,18,22,15,0,16,16,17,14,245,0.09387755102040816,0.053061224489795916,0.07755102040816327,0.05714285714285714,0.06938775510204082,0.08979591836734693,0.07755102040816327,0.07346938775510205,0.08979591836734693,0.061224489795918366,0.0,0.0653061224489796,0.0653061224489796,0.06938775510204082,0.05714285714285714,Maria Hernandez,0.09387755102040816
72043,72043,100,11,9,17,4,10,5,4,10,8,3,3,8,5,9,8,114,0.09649122807017543,0.07894736842105263,0.14912280701754385,0.03508771929824561,0.08771929824561403,0.043859649122807015,0.03508771929824561,0.08771929824561403,0.07017543859649122,0.02631578947368421,0.02631578947368421,0.07017543859649122,0.043859649122807015,0.07894736842105263,0.07017543859649122,Jose Batista,0.14912280701754385
72044,72044,100,13,7,14,9,15,11,11,9,8,5,0,12,8,14,8,144,0.09027777777777778,0.04861111111111111,0.09722222222222222,0.0625,0.10416666666666667,0.0763888888888889,0.0763888888888889,0.0625,0.05555555555555555,0.034722222222222224,0.0,0.08333333333333333,0.05555555555555555,0.09722222222222222,0.05555555555555555,Margarita Gomez,0.10416666666666667
72045,72045,100,17,9,16,6,12,9,5,8,3,3,1,8,10,13,14,134,0.12686567164179105,0.06716417910447761,0.11940298507462686,0.04477611940298507,0.08955223880597014,0.06716417910447761,0.03731343283582089,0.05970149253731343,0.022388059701492536,0.022388059701492536,0.007462686567164179,0.05970149253731343,0.07462686567164178,0.09701492537313433,0.1044776119402985,Maria Hernandez,0.12686567164179105
72046,72046,100,20,8,11,18,20,8,16,14,15,7,0,19,15,8,7,186,0.10752688172043011,0.043010752688172046,0.05913978494623656,0.0967741935483871,0.10752688172043011,0.043010752688172046,0.08602150537634409,0.07526881720430108,0.08064516129032258,0.03763440860215054,0.0,0.10215053763440861,0.08064516129032258,0.043010752688172046,0.03763440860215054,Tie,0.10752688172043011
72047,72047,100,20,30,37,13,18,30,12,19,17,21,0,14,16,33,34,314,0.06369426751592357,0.09554140127388536,0.1178343949044586,0.041401273885350316,0.05732484076433121,0.09554140127388536,0.03821656050955414,0.06050955414012739,0.054140127388535034,0.06687898089171974,0.0,0.044585987261146494,0.050955414012738856,0.10509554140127389,0.10828025477707007,Jose Batista,0.1178343949044586
72048,72048,100,20,18,27,20,17,16,16,19,14,13,1,14,14,21,27,257,0.07782101167315175,0.07003891050583658,0.10505836575875487,0.07782101167315175,0.06614785992217899,0.0622568093385214,0.0622568093385214,0.07392996108949416,0.054474708171206226,0.05058365758754864,0.0038910505836575876,0.054474708171206226,0.054474708171206226,0.08171206225680934,0.10505836575875487,Tie,0.10505836575875487
72049,72049,100,19,16,24,8,13,7,10,12,10,6,0,10,12,13,13,173,0.10982658959537572,0.09248554913294797,0.13872832369942195,0.046242774566473986,0.07514450867052024,0.04046242774566474,0.057803468208092484,0.06936416184971098,0.057803468208092484,0.03468208092485549,0.0,0.057803468208092484,0.06936416184971098,0.07514450867052024,0.07514450867052024,Jose Batista,0.13872832369942195
72050,72050,100,14,7,13,8,17,13,6,16,9,7,0,13,8,12,9,152,0.09210526315789473,0.046052631578947366,0.08552631578947369,0.05263157894736842,0.1118421052631579,0.08552631578947369,0.039473684210526314,0.10526315789473684,0.05921052631578947,0.046052631578947366,0.0,0.08552631578947369,0.05263157894736842,0.07894736842105263,0.05921052631578947,Margarita Gomez,0.1118421052631579
72051,72051,100,10,10,16,5,9,7,10,10,8,4,0,13,5,14,13,134,0.07462686567164178,0.07462686567164178,0.11940298507462686,0.03731343283582089,0.06716417910447761,0.05223880597014925,0.07462686567164178,0.07462686567164178,0.05970149253731343,0.029850746268656716,0.0,0.09701492537313433,0.03731343283582089,0.1044776119402985,0.09701492537313433,Jose Batista,0.11940298507462686
72052,72052,100,27,17,30,16,18,17,35,18,23,16,1,24,14,25,17,298,0.09060402684563758,0.05704697986577181,0.10067114093959731,0.053691275167785234,0.06040268456375839,0.05704697986577181,0.1174496644295302,0.06040268456375839,0.07718120805369127,0.053691275167785234,0.003355704697986577,0.08053691275167785,0.04697986577181208,0.08389261744966443,0.05704697986577181,Ana Lazala,0.1174496644295302
72053,72053,100,20,13,20,11,19,18,8,11,16,11,0,17,13,20,18,215,0.09302325581395349,0.06046511627906977,0.09302325581395349,0.05116279069767442,0.08837209302325581,0.08372093023255814,0.037209302325581395,0.05116279069767442,0.07441860465116279,0.05116279069767442,0.0,0.07906976744186046,0.06046511627906977,0.09302325581395349,0.08372093023255814,Tie,0.09302325581395349
72054,72054,100,15,11,14,9,10,8,8,4,8,6,2,18,5,14,13,145,0.10344827586206896,0.07586206896551724,0.09655172413793103,0.06206896551724138,0.06896551724137931,0.05517241379310345,0.05517241379310345,0.027586206896551724,0.05517241379310345,0.041379310344827586,0.013793103448275862,0.12413793103448276,0.034482758620689655,0.09655172413793103,0.0896551724137931,Francia Vargas,0.12413793103448276
72055,72055,100,10,11,11,10,13,13,9,6,12,9,0,12,5,15,11,147,0.06802721088435375,0.07482993197278912,0.07482993197278912,0.06802721088435375,0.08843537414965986,0.08843537414965986,0.061224489795918366,0.04081632653061224,0.08163265306122448,0.061224489795918366,0.0,0.08163265306122448,0.034013605442176874,0.10204081632653061,0.07482993197278912,Ada A. Infante,0.10204081632653061
72056,72056,100,11,11,16,8,7,8,6,7,6,5,0,9,6,11,11,122,0.09016393442622951,0.09016393442622951,0.13114754098360656,0.06557377049180328,0.05737704918032787,0.06557377049180328,0.04918032786885246,0.05737704918032787,0.04918032786885246,0.040983606557377046,0.0,0.07377049180327869,0.04918032786885246,0.09016393442622951,0.09016393442622951,Jose Batista,0.13114754098360656
72057,72057,100,27,11,10,20,19,23,23,13,24,15,0,22,14,18,10,249,0.10843373493975904,0.04417670682730924,0.040160642570281124,0.08032128514056225,0.07630522088353414,0.09236947791164658,0.09236947791164658,0.05220883534136546,0.0963855421686747,0.060240963855421686,0.0,0.08835341365461848,0.05622489959839357,0.07228915662650602,0.040160642570281124,Maria Hernandez,0.10843373493975904
72058,72058,100,43,13,24,35,35,25,32,30,31,15,2,37,31,23,17,393,0.10941475826972011,0.03307888040712468,0.061068702290076333,0.089058524173028,0.089058524173028,0.06361323155216285,0.08142493638676845,0.07633587786259542,0.07888040712468193,0.03816793893129771,0.005089058524173028,0.09414758269720101,0.07888040712468193,0.058524173027989825,0.043256997455470736,Maria Hernandez,0.10941475826972011
72059,72059,100,11,8,12,11,13,13,14,8,13,13,0,14,5,17,8,160,0.06875,0.05,0.075,0.06875,0.08125,0.08125,0.0875,0.05,0.08125,0.08125,0.0,0.0875,0.03125,0.10625,0.05,Ada A. Infante,0.10625
72060,72060,100,51,26,46,40,43,34,38,33,39,28,2,40,37,35,25,517,0.09864603481624758,0.05029013539651837,0.08897485493230174,0.07736943907156674,0.08317214700193423,0.06576402321083172,0.0735009671179884,0.06382978723404255,0.07543520309477757,0.05415860735009671,0.0038684719535783366,0.07736943907156674,0.07156673114119923,0.06769825918762089,0.048355899419729204,Maria Hernandez,0.09864603481624758
72061,72061,100,9,8,15,9,10,10,12,8,10,5,0,8,9,8,7,128,0.0703125,0.0625,0.1171875,0.0703125,0.078125,0.078125,0.09375,0.0625,0.078125,0.0390625,0.0,0.0625,0.0703125,0.0625,0.0546875,Jose Batista,0.1171875
72062,72062,100,22,17,28,20,22,12,16,21,14,10,0,26,22,24,19,273,0.08058608058608059,0.06227106227106227,0.10256410256410256,0.07326007326007326,0.08058608058608059,0.04395604395604396,0.05860805860805861,0.07692307692307693,0.05128205128205128,0.03663003663003663,0.0,0.09523809523809523,0.08058608058608059,0.08791208791208792,0.0695970695970696,Jose Batista,0.10256410256410256
72063,72063,100,22,11,26,14,23,21,15,13,17,10,1,21,12,17,12,235,0.09361702127659574,0.04680851063829787,0.11063829787234042,0.059574468085106386,0.09787234042553192,0.08936170212765958,0.06382978723404255,0.05531914893617021,0.07234042553191489,0.0425531914893617,0.00425531914893617,0.08936170212765958,0.05106382978723404,0.07234042553191489,0.05106382978723404,Jose Batista,0.11063829787234042
72064,72064,100,38,11,17,31,30,29,35,23,31,16,1,33,23,26,13,357,0.10644257703081232,0.03081232492997199,0.047619047619047616,0.08683473389355742,0.08403361344537816,0.08123249299719888,0.09803921568627451,0.06442577030812324,0.08683473389355742,0.04481792717086835,0.0028011204481792717,0.09243697478991597,0.06442577030812324,0.07282913165266107,0.036414565826330535,Maria Hernandez,0.10644257703081232
72065,72065,100,22,8,17,14,21,12,10,14,16,9,1,20,10,13,9,196,0.11224489795918367,0.04081632653061224,0.08673469387755102,0.07142857142857142,0.10714285714285714,0.061224489795918366,0.05102040816326531,0.07142857142857142,0.08163265306122448,0.04591836734693878,0.00510204081632653,0.10204081632653061,0.05102040816326531,0.0663265306122449,0.04591836734693878,Maria Hernandez,0.11224489795918367
72066,72066,100,35,11,15,31,37,28,36,20,33,24,2,37,20,20,14,363,0.09641873278236915,0.030303030303030304,0.04132231404958678,0.08539944903581267,0.10192837465564739,0.07713498622589532,0.09917355371900827,0.05509641873278237,0.09090909090909091,0.06611570247933884,0.005509641873278237,0.10192837465564739,0.05509641873278237,0.05509641873278237,0.03856749311294766,Tie,0.10192837465564739
72067,72067,100,51,10,22,45,42,31,45,28,37,23,2,51,35,28,13,463,0.1101511879049676,0.02159827213822894,0.047516198704103674,0.09719222462203024,0.09071274298056156,0.06695464362850972,0.09719222462203024,0.06047516198704104,0.07991360691144708,0.04967602591792657,0.004319654427645789,0.1101511879049676,0.0755939524838013,0.06047516198704104,0.028077753779697623,Tie,0.1101511879049676
72068,72068,100,61,26,37,55,58,54,48,35,46,44,3,51,36,50,30,634,0.09621451104100946,0.04100946372239748,0.0583596214511041,0.08675078864353312,0.0914826498422713,0.08517350157728706,0.07570977917981073,0.055205047318611984,0.07255520504731862,0.0694006309148265,0.00473186119873817,0.0804416403785489,0.056782334384858045,0.07886435331230283,0.0473186119873817,Maria Hernandez,0.09621451104100946
72069,72069,100,32,15,22,24,26,26,23,18,21,25,8,24,18,26,17,325,0.09846153846153846,0.046153846153846156,0.06769230769230769,0.07384615384615385,0.08,0.08,0.07076923076923076,0.055384615384615386,0.06461538461538462,0.07692307692307693,0.024615384615384615,0.07384615384615385,0.055384615384615386,0.08,0.052307692307692305,Maria Hernandez,0.09846153846153846
72070,72070,100,18,16,14,9,13,10,8,12,12,12,0,19,9,16,11,179,0.1005586592178771,0.0893854748603352,0.0782122905027933,0.05027932960893855,0.07262569832402235,0.055865921787709494,0.0446927374301676,0.0670391061452514,0.0670391061452514,0.0670391061452514,0.0,0.10614525139664804,0.05027932960893855,0.0893854748603352,0.061452513966480445,Francia Vargas,0.10614525139664804
72071,72071,100,21,14,27,10,12,19,11,14,11,16,0,20,8,24,24,231,0.09090909090909091,0.06060606060606061,0.11688311688311688,0.04329004329004329,0.05194805194805195,0.08225108225108226,0.047619047619047616,0.06060606060606061,0.047619047619047616,0.06926406926406926,0.0,0.08658008658008658,0.03463203463203463,0.1038961038961039,0.1038961038961039,Jose Batista,0.11688311688311688
72072,72072,100,44,31,42,17,34,30,27,31,27,19,0,41,24,37,34,438,0.1004566210045662,0.07077625570776255,0.0958904109589041,0.03881278538812785,0.0776255707762557,0.0684931506849315,0.06164383561643835,0.07077625570776255,0.06164383561643835,0.04337899543378995,0.0,0.09360730593607305,0.0547945205479452,0.08447488584474885,0.0776255707762557,Maria Hernandez,0.1004566210045662
72073,72073,100,12,6,8,6,6,4,5,7,5,2,0,5,4,5,3,78,0.15384615384615385,0.07692307692307693,0.10256410256410256,0.07692307692307693,0.07692307692307693,0.05128205128205128,0.0641025641025641,0.08974358974358974,0.0641025641025641,0.02564102564102564,0.0,0.0641025641025641,0.05128205128205128,0.0641025641025641,0.038461538461538464,Maria Hernandez,0.15384615384615385
72074,72074,100,20,17,17,24,17,19,19,22,19,12,0,22,19,17,13,257,0.07782101167315175,0.06614785992217899,0.06614785992217899,0.0933852140077821,0.06614785992217899,0.07392996108949416,0.07392996108949416,0.08560311284046693,0.07392996108949416,0.04669260700389105,0.0,0.08560311284046693,0.07392996108949416,0.06614785992217899,0.05058365758754864,Bethania Cabrera,0.0933852140077821
72075,72075,100,37,20,33,24,38,31,27,30,23,27,9,38,26,35,23,421,0.08788598574821853,0.047505938242280284,0.07838479809976247,0.057007125890736345,0.09026128266033254,0.07363420427553444,0.06413301662707839,0.07125890736342043,0.05463182897862233,0.06413301662707839,0.021377672209026127,0.09026128266033254,0.06175771971496437,0.0831353919239905,0.05463182897862233,Tie,0.09026128266033254
72076,72076,100,8,7,16,3,9,8,4,9,8,7,1,12,9,9,9,119,0.06722689075630252,0.058823529411764705,0.13445378151260504,0.025210084033613446,0.07563025210084033,0.06722689075630252,0.03361344537815126,0.07563025210084033,0.06722689075630252,0.058823529411764705,0.008403361344537815,0.10084033613445378,0.07563025210084033,0.07563025210084033,0.07563025210084033,Jose Batista,0.13445378151260504
72200,71086,100,0,0,0,0,0,0,0,0,0,0,0,0,0,0,0,0,0,0,0,0,0,0,0,0,0,0,0,0,0,0,0,n/a,0
72201,71086,100,0,0,0,0,0,0,0,0,0,0,0,0,0,0,0,0,0,0,0,0,0,0,0,0,0,0,0,0,0,0,0,n/a,0
72202,71086,100,0,0,0,0,0,0,0,0,0,0,0,0,0,0,0,0,0,0,0,0,0,0,0,0,0,0,0,0,0,0,0,n/a,0
72203,71086,100,0,0,0,0,0,0,0,0,0,0,0,0,0,0,0,0,0,0,0,0,0,0,0,0,0,0,0,0,0,0,0,n/a,0
72204,72204,100,0,0,0,0,0,0,0,0,0,0,0,0,0,0,0,0,0,0,0,0,0,0,0,0,0,0,0,0,0,0,0,n/a,0
72205,72205,100,0,0,0,0,0,0,0,0,0,0,0,0,0,0,0,0,0,0,0,0,0,0,0,0,0,0,0,0,0,0,0,n/a,0
